CNPJ_CIA;DT_REFER;VERSAO;DENOM_CIA;CD_CVM;GRUPO_DFP;MOEDA;ESCALA_MOEDA;ORDEM_EXERC;DT_FIM_EXERC;CD_CONTA;DS_CONTA;VL_CONTA;ST_CONTA_FIXA
00.000.000/0001-91;2025-12-31;1;BCO BRASIL S.A.;001023;DF Consolidado - Balanço Patrimonial Ativo;REAL;MIL;PENÚLTIMO;2024-12-31;1.01;Caixa e Equivalentes de Caixa;83167243.0000000000;S
00.000.000/0001-91;2025-12-31;1;BCO BRASIL S.A.;001023;DF Consolidado - Balanço Patrimonial Ativo;REAL;MIL;ÚLTIMO;2025-12-31;1.01;Caixa e Equivalentes de Caixa;59635525.0000000000;S
02.171.304/0001-47;2025-12-31;1;FGR INCORPORAÇÕES S.A.;028010;DF Consolidado - Balanço Patrimonial Ativo;REAL;MIL;PENÚLTIMO;2024-12-31;1.01.01;Caixa e Equivalentes de Caixa;355974.0000000000;S
02.171.304/0001-47;2025-12-31;1;FGR INCORPORAÇÕES S.A.;028010;DF Consolidado - Balanço Patrimonial Ativo;REAL;MIL;PENÚLTIMO;2024-12-31;1.01.01;Caixa e Equivalentes de Caixa;355974.0000000000;S
02.171.304/0001-47;2025-12-31;1;FGR INCORPORAÇÕES S.A.;028010;DF Consolidado - Balanço Patrimonial Ativo;REAL;MIL;ÚLTIMO;2025-12-31;1.01.01;Caixa e Equivalentes de Caixa;272910.0000000000;S
02.171.304/0001-47;2025-12-31;1;FGR INCORPORAÇÕES S.A.;028010;DF Consolidado - Balanço Patrimonial Ativo;REAL;MIL;ÚLTIMO;2025-12-31;1.01.01;Caixa e Equivalentes de Caixa;272910.0000000000;S
02.171.304/0001-47;2025-12-31;1;FGR INCORPORAÇÕES S.A.;028010;DF Consolidado - Balanço Patrimonial Ativo;REAL;MIL;PENÚLTIMO;2024-12-31;1.01.02;Aplicações Financeiras;87396.0000000000;S
02.171.304/0001-47;2025-12-31;1;FGR INCORPORAÇÕES S.A.;028010;DF Consolidado - Balanço Patrimonial Ativo;REAL;MIL;PENÚLTIMO;2024-12-31;1.01.02;Aplicações Financeiras;87396.0000000000;S
02.171.304/0001-47;2025-12-31;1;FGR INCORPORAÇÕES S.A.;028010;DF Consolidado - Balanço Patrimonial Ativo;REAL;MIL;ÚLTIMO;2025-12-31;1.01.02;Aplicações Financeiras;97678.0000000000;S
02.171.304/0001-47;2025-12-31;1;FGR INCORPORAÇÕES S.A.;028010;DF Consolidado - Balanço Patrimonial Ativo;REAL;MIL;ÚLTIMO;2025-12-31;1.01.02;Aplicações Financeiras;97678.0000000000;S
33.000.167/0001-01;2025-12-31;1;PETROLEO BRASILEIRO S.A. PETROBRAS;009512;DF Consolidado - Balanço Patrimonial Ativo;REAL;MIL;PENÚLTIMO;2024-12-31;1.01.01;Caixa e Equivalentes de Caixa;20254000.0000000000;S
33.000.167/0001-01;2025-12-31;1;PETROLEO BRASILEIRO S.A. PETROBRAS;009512;DF Consolidado - Balanço Patrimonial Ativo;REAL;MIL;ÚLTIMO;2025-12-31;1.01.01;Caixa e Equivalentes de Caixa;35608000.0000000000;S
33.000.167/0001-01;2025-12-31;1;PETROLEO BRASILEIRO S.A. PETROBRAS;009512;DF Consolidado - Balanço Patrimonial Ativo;REAL;MIL;PENÚLTIMO;2024-12-31;1.01.02;Aplicações Financeiras;26397000.0000000000;S
33.000.167/0001-01;2025-12-31;1;PETROLEO BRASILEIRO S.A. PETROBRAS;009512;DF Consolidado - Balanço Patrimonial Ativo;REAL;MIL;ÚLTIMO;2025-12-31;1.01.02;Aplicações Financeiras;15000000.0000000000;S
33.592.510/0001-54;2025-12-31;2;VALE S.A.;004170;DF Consolidado - Balanço Patrimonial Ativo;REAL;MIL;PENÚLTIMO;2024-12-31;1.01.01;Caixa e Equivalentes de Caixa;30671000.0000000000;S
33.592.510/0001-54;2025-12-31;2;VALE S.A.;004170;DF Consolidado - Balanço Patrimonial Ativo;REAL;MIL;ÚLTIMO;2025-12-31;1.01.01;Caixa e Equivalentes de Caixa;40563000.0000000000;S
33.592.510/0001-54;2025-12-31;2;VALE S.A.;004170;DF Consolidado - Balanço Patrimonial Ativo;REAL;MIL;PENÚLTIMO;2024-12-31;1.01.02;Aplicações Financeiras;331000.0000000000;S
33.592.510/0001-54;2025-12-31;2;VALE S.A.;004170;DF Consolidado - Balanço Patrimonial Ativo;REAL;MIL;ÚLTIMO;2025-12-31;1.01.02;Aplicações Financeiras;1066000.0000000000;S
42.276.907/0001-28;2025-12-31;1;VLI MULTIMODAL S.A;028045;DF Consolidado - Balanço Patrimonial Ativo;REAL;MIL;PENÚLTIMO;2024-12-31;1.01.01;Caixa e Equivalentes de Caixa;3210023.0000000000;S
42.276.907/0001-28;2025-12-31;1;VLI MULTIMODAL S.A;028045;DF Consolidado - Balanço Patrimonial Ativo;REAL;MIL;PENÚLTIMO;2024-12-31;1.01.01;Caixa e Equivalentes de Caixa;3210023.0000000000;S
42.276.907/0001-28;2025-12-31;1;VLI MULTIMODAL S.A;028045;DF Consolidado - Balanço Patrimonial Ativo;REAL;MIL;PENÚLTIMO;2024-12-31;1.01.01;Caixa e Equivalentes de Caixa;3210023.0000000000;S
42.276.907/0001-28;2025-12-31;1;VLI MULTIMODAL S.A;028045;DF Consolidado - Balanço Patrimonial Ativo;REAL;MIL;ÚLTIMO;2025-12-31;1.01.01;Caixa e Equivalentes de Caixa;2479565.0000000000;S
42.276.907/0001-28;2025-12-31;1;VLI MULTIMODAL S.A;028045;DF Consolidado - Balanço Patrimonial Ativo;REAL;MIL;ÚLTIMO;2025-12-31;1.01.01;Caixa e Equivalentes de Caixa;2479565.0000000000;S
42.276.907/0001-28;2025-12-31;1;VLI MULTIMODAL S.A;028045;DF Consolidado - Balanço Patrimonial Ativo;REAL;MIL;ÚLTIMO;2025-12-31;1.01.01;Caixa e Equivalentes de Caixa;2479565.0000000000;S
42.276.907/0001-28;2025-12-31;1;VLI MULTIMODAL S.A;028045;DF Consolidado - Balanço Patrimonial Ativo;REAL;MIL;PENÚLTIMO;2024-12-31;1.01.01.02;Aplicações Financeiras;3124447.0000000000;N
42.276.907/0001-28;2025-12-31;1;VLI MULTIMODAL S.A;028045;DF Consolidado - Balanço Patrimonial Ativo;REAL;MIL;PENÚLTIMO;2024-12-31;1.01.01.02;Aplicações Financeiras;3124447.0000000000;N
42.276.907/0001-28;2025-12-31;1;VLI MULTIMODAL S.A;028045;DF Consolidado - Balanço Patrimonial Ativo;REAL;MIL;PENÚLTIMO;2024-12-31;1.01.01.02;Aplicações Financeiras;3124447.0000000000;N
42.276.907/0001-28;2025-12-31;1;VLI MULTIMODAL S.A;028045;DF Consolidado - Balanço Patrimonial Ativo;REAL;MIL;ÚLTIMO;2025-12-31;1.01.01.02;Aplicações Financeiras;2439173.0000000000;N
42.276.907/0001-28;2025-12-31;1;VLI MULTIMODAL S.A;028045;DF Consolidado - Balanço Patrimonial Ativo;REAL;MIL;ÚLTIMO;2025-12-31;1.01.01.02;Aplicações Financeiras;2439173.0000000000;N
42.276.907/0001-28;2025-12-31;1;VLI MULTIMODAL S.A;028045;DF Consolidado - Balanço Patrimonial Ativo;REAL;MIL;ÚLTIMO;2025-12-31;1.01.01.02;Aplicações Financeiras;2439173.0000000000;N
42.276.907/0001-28;2025-12-31;1;VLI MULTIMODAL S.A;028045;DF Consolidado - Balanço Patrimonial Ativo;REAL;MIL;PENÚLTIMO;2024-12-31;1.01.02;Aplicações Financeiras;0.0000000000;S
42.276.907/0001-28;2025-12-31;1;VLI MULTIMODAL S.A;028045;DF Consolidado - Balanço Patrimonial Ativo;REAL;MIL;PENÚLTIMO;2024-12-31;1.01.02;Aplicações Financeiras;0.0000000000;S
42.276.907/0001-28;2025-12-31;1;VLI MULTIMODAL S.A;028045;DF Consolidado - Balanço Patrimonial Ativo;REAL;MIL;PENÚLTIMO;2024-12-31;1.01.02;Aplicações Financeiras;0.0000000000;S
42.276.907/0001-28;2025-12-31;1;VLI MULTIMODAL S.A;028045;DF Consolidado - Balanço Patrimonial Ativo;REAL;MIL;ÚLTIMO;2025-12-31;1.01.02;Aplicações Financeiras;0.0000000000;S
42.276.907/0001-28;2025-12-31;1;VLI MULTIMODAL S.A;028045;DF Consolidado - Balanço Patrimonial Ativo;REAL;MIL;ÚLTIMO;2025-12-31;1.01.02;Aplicações Financeiras;0.0000000000;S
42.276.907/0001-28;2025-12-31;1;VLI MULTIMODAL S.A;028045;DF Consolidado - Balanço Patrimonial Ativo;REAL;MIL;ÚLTIMO;2025-12-31;1.01.02;Aplicações Financeiras;0.0000000000;S
60.872.504/0001-23;2025-12-31;2;ITAU UNIBANCO HOLDING S.A.;019348;DF Consolidado - Balanço Patrimonial Ativo;REAL;MIL;PENÚLTIMO;2024-12-31;1.01;Caixa e Equivalentes de Caixa;36127000.0000000000;S
60.872.504/0001-23;2025-12-31;2;ITAU UNIBANCO HOLDING S.A.;019348;DF Consolidado - Balanço Patrimonial Ativo;REAL;MIL;ÚLTIMO;2025-12-31;1.01;Caixa e Equivalentes de Caixa;37144000.0000000000;S
92.791.243/0001-03;2025-12-31;1;IRANI PAPEL E EMBALAGEM S.A.;002429;DF Consolidado - Balanço Patrimonial Ativo;REAL;MIL;PENÚLTIMO;2024-12-31;1.01.01;Caixa e Equivalentes de Caixa;604232.0000000000;S
92.791.243/0001-03;2025-12-31;1;IRANI PAPEL E EMBALAGEM S.A.;002429;DF Consolidado - Balanço Patrimonial Ativo;REAL;MIL;ÚLTIMO;2025-12-31;1.01.01;Caixa e Equivalentes de Caixa;839834.0000000000;S
92.791.243/0001-03;2025-12-31;1;IRANI PAPEL E EMBALAGEM S.A.;002429;DF Consolidado - Balanço Patrimonial Ativo;REAL;MIL;PENÚLTIMO;2024-12-31;1.01.02;Aplicações Financeiras;0.0000000000;S
92.791.243/0001-03;2025-12-31;1;IRANI PAPEL E EMBALAGEM S.A.;002429;DF Consolidado - Balanço Patrimonial Ativo;REAL;MIL;ÚLTIMO;2025-12-31;1.01.02;Aplicações Financeiras;0.0000000000;S
92.791.243/0001-03;2025-12-31;1;IRANI PAPEL E EMBALAGEM S.A.;002429;DF Consolidado - Balanço Patrimonial Ativo;REAL;MIL;PENÚLTIMO;2024-12-31;1.01.02.03.02;Aplicações Financeiras;0.0000000000;N
92.791.243/0001-03;2025-12-31;1;IRANI PAPEL E EMBALAGEM S.A.;002429;DF Consolidado - Balanço Patrimonial Ativo;REAL;MIL;ÚLTIMO;2025-12-31;1.01.02.03.02;Aplicações Financeiras;0.0000000000;N
