CNPJ_CIA;DT_REFER;VERSAO;DENOM_CIA;CD_CVM;GRUPO_DFP;MOEDA;ESCALA_MOEDA;ORDEM_EXERC;DT_INI_EXERC;DT_FIM_EXERC;COLUNA_DF;CD_CONTA;DS_CONTA;VL_CONTA;ST_CONTA_FIXA
00.000.000/0001-91;2025-12-31;1;BCO BRASIL S.A.;001023;DF Consolidado - Demonstração das Mutações do Patrimônio Líquido;REAL;MIL;PENÚLTIMO;2024-01-01;2024-12-31;Capital Social Integralizado;5.04.06;Dividendos;0.0000000000;S
00.000.000/0001-91;2025-12-31;1;BCO BRASIL S.A.;001023;DF Consolidado - Demonstração das Mutações do Patrimônio Líquido;REAL;MIL;ÚLTIMO;2025-01-01;2025-12-31;Capital Social Integralizado;5.04.06;Dividendos;0.0000000000;S
00.000.000/0001-91;2025-12-31;1;BCO BRASIL S.A.;001023;DF Consolidado - Demonstração das Mutações do Patrimônio Líquido;REAL;MIL;PENÚLTIMO;2024-01-01;2024-12-31;Reservas de Capital, Opções Outorgadas e Ações em Tesouraria;5.04.06;Dividendos;0.0000000000;S
00.000.000/0001-91;2025-12-31;1;BCO BRASIL S.A.;001023;DF Consolidado - Demonstração das Mutações do Patrimônio Líquido;REAL;MIL;ÚLTIMO;2025-01-01;2025-12-31;Reservas de Capital, Opções Outorgadas e Ações em Tesouraria;5.04.06;Dividendos;0.0000000000;S
00.000.000/0001-91;2025-12-31;1;BCO BRASIL S.A.;001023;DF Consolidado - Demonstração das Mutações do Patrimônio Líquido;REAL;MIL;PENÚLTIMO;2024-01-01;2024-12-31;Reservas de Lucro;5.04.06;Dividendos;0.0000000000;S
00.000.000/0001-91;2025-12-31;1;BCO BRASIL S.A.;001023;DF Consolidado - Demonstração das Mutações do Patrimônio Líquido;REAL;MIL;ÚLTIMO;2025-01-01;2025-12-31;Reservas de Lucro;5.04.06;Dividendos;0.0000000000;S
00.000.000/0001-91;2025-12-31;1;BCO BRASIL S.A.;001023;DF Consolidado - Demonstração das Mutações do Patrimônio Líquido;REAL;MIL;PENÚLTIMO;2024-01-01;2024-12-31;Lucros ou Prejuízos Acumulados;5.04.06;Dividendos;0.0000000000;S
00.000.000/0001-91;2025-12-31;1;BCO BRASIL S.A.;001023;DF Consolidado - Demonstração das Mutações do Patrimônio Líquido;REAL;MIL;ÚLTIMO;2025-01-01;2025-12-31;Lucros ou Prejuízos Acumulados;5.04.06;Dividendos;0.0000000000;S
00.000.000/0001-91;2025-12-31;1;BCO BRASIL S.A.;001023;DF Consolidado - Demonstração das Mutações do Patrimônio Líquido;REAL;MIL;PENÚLTIMO;2024-01-01;2024-12-31;Outros Resultados Abrangentes;5.04.06;Dividendos;10279.0000000000;S
00.000.000/0001-91;2025-12-31;1;BCO BRASIL S.A.;001023;DF Consolidado - Demonstração das Mutações do Patrimônio Líquido;REAL;MIL;ÚLTIMO;2025-01-01;2025-12-31;Outros Resultados Abrangentes;5.04.06;Dividendos;27443.0000000000;S
00.000.000/0001-91;2025-12-31;1;BCO BRASIL S.A.;001023;DF Consolidado - Demonstração das Mutações do Patrimônio Líquido;REAL;MIL;PENÚLTIMO;2024-01-01;2024-12-31;Patrimônio Líquido;5.04.06;Dividendos;0.0000000000;S
00.000.000/0001-91;2025-12-31;1;BCO BRASIL S.A.;001023;DF Consolidado - Demonstração das Mutações do Patrimônio Líquido;REAL;MIL;ÚLTIMO;2025-01-01;2025-12-31;Patrimônio Líquido;5.04.06;Dividendos;0.0000000000;S
00.000.000/0001-91;2025-12-31;1;BCO BRASIL S.A.;001023;DF Consolidado - Demonstração das Mutações do Patrimônio Líquido;REAL;MIL;PENÚLTIMO;2024-01-01;2024-12-31;Participação dos Não Controladores;5.04.06;Dividendos;10279.0000000000;S
00.000.000/0001-91;2025-12-31;1;BCO BRASIL S.A.;001023;DF Consolidado - Demonstração das Mutações do Patrimônio Líquido;REAL;MIL;ÚLTIMO;2025-01-01;2025-12-31;Participação dos Não Controladores;5.04.06;Dividendos;27443.0000000000;S
00.000.000/0001-91;2025-12-31;1;BCO BRASIL S.A.;001023;DF Consolidado - Demonstração das Mutações do Patrimônio Líquido;REAL;MIL;PENÚLTIMO;2024-01-01;2024-12-31;Patrimônio Líquido Consolidado;5.04.06;Dividendos;-17212.0000000000;S
00.000.000/0001-91;2025-12-31;1;BCO BRASIL S.A.;001023;DF Consolidado - Demonstração das Mutações do Patrimônio Líquido;REAL;MIL;ÚLTIMO;2025-01-01;2025-12-31;Patrimônio Líquido Consolidado;5.04.06;Dividendos;54318.0000000000;S
00.000.000/0001-91;2025-12-31;1;BCO BRASIL S.A.;001023;DF Consolidado - Demonstração das Mutações do Patrimônio Líquido;REAL;MIL;PENÚLTIMO;2024-01-01;2024-12-31;;5.04.06;Dividendos;-6933.0000000000;S
00.000.000/0001-91;2025-12-31;1;BCO BRASIL S.A.;001023;DF Consolidado - Demonstração das Mutações do Patrimônio Líquido;REAL;MIL;ÚLTIMO;2025-01-01;2025-12-31;;5.04.06;Dividendos;81761.0000000000;S
00.000.000/0001-91;2025-12-31;1;BCO BRASIL S.A.;001023;DF Consolidado - Demonstração das Mutações do Patrimônio Líquido;REAL;MIL;PENÚLTIMO;2024-01-01;2024-12-31;Capital Social Integralizado;5.04.07;Juros sobre Capital Próprio;0.0000000000;S
00.000.000/0001-91;2025-12-31;1;BCO BRASIL S.A.;001023;DF Consolidado - Demonstração das Mutações do Patrimônio Líquido;REAL;MIL;ÚLTIMO;2025-01-01;2025-12-31;Capital Social Integralizado;5.04.07;Juros sobre Capital Próprio;0.0000000000;S
00.000.000/0001-91;2025-12-31;1;BCO BRASIL S.A.;001023;DF Consolidado - Demonstração das Mutações do Patrimônio Líquido;REAL;MIL;PENÚLTIMO;2024-01-01;2024-12-31;Reservas de Capital, Opções Outorgadas e Ações em Tesouraria;5.04.07;Juros sobre Capital Próprio;0.0000000000;S
00.000.000/0001-91;2025-12-31;1;BCO BRASIL S.A.;001023;DF Consolidado - Demonstração das Mutações do Patrimônio Líquido;REAL;MIL;ÚLTIMO;2025-01-01;2025-12-31;Reservas de Capital, Opções Outorgadas e Ações em Tesouraria;5.04.07;Juros sobre Capital Próprio;0.0000000000;S
00.000.000/0001-91;2025-12-31;1;BCO BRASIL S.A.;001023;DF Consolidado - Demonstração das Mutações do Patrimônio Líquido;REAL;MIL;PENÚLTIMO;2024-01-01;2024-12-31;Reservas de Lucro;5.04.07;Juros sobre Capital Próprio;-11642233.0000000000;S
00.000.000/0001-91;2025-12-31;1;BCO BRASIL S.A.;001023;DF Consolidado - Demonstração das Mutações do Patrimônio Líquido;REAL;MIL;ÚLTIMO;2025-01-01;2025-12-31;Reservas de Lucro;5.04.07;Juros sobre Capital Próprio;-4421674.0000000000;S
00.000.000/0001-91;2025-12-31;1;BCO BRASIL S.A.;001023;DF Consolidado - Demonstração das Mutações do Patrimônio Líquido;REAL;MIL;PENÚLTIMO;2024-01-01;2024-12-31;Lucros ou Prejuízos Acumulados;5.04.07;Juros sobre Capital Próprio;0.0000000000;S
00.000.000/0001-91;2025-12-31;1;BCO BRASIL S.A.;001023;DF Consolidado - Demonstração das Mutações do Patrimônio Líquido;REAL;MIL;ÚLTIMO;2025-01-01;2025-12-31;Lucros ou Prejuízos Acumulados;5.04.07;Juros sobre Capital Próprio;0.0000000000;S
00.000.000/0001-91;2025-12-31;1;BCO BRASIL S.A.;001023;DF Consolidado - Demonstração das Mutações do Patrimônio Líquido;REAL;MIL;PENÚLTIMO;2024-01-01;2024-12-31;Outros Resultados Abrangentes;5.04.07;Juros sobre Capital Próprio;-3746690.0000000000;S
00.000.000/0001-91;2025-12-31;1;BCO BRASIL S.A.;001023;DF Consolidado - Demonstração das Mutações do Patrimônio Líquido;REAL;MIL;ÚLTIMO;2025-01-01;2025-12-31;Outros Resultados Abrangentes;5.04.07;Juros sobre Capital Próprio;-797432.0000000000;S
00.000.000/0001-91;2025-12-31;1;BCO BRASIL S.A.;001023;DF Consolidado - Demonstração das Mutações do Patrimônio Líquido;REAL;MIL;PENÚLTIMO;2024-01-01;2024-12-31;Patrimônio Líquido;5.04.07;Juros sobre Capital Próprio;0.0000000000;S
00.000.000/0001-91;2025-12-31;1;BCO BRASIL S.A.;001023;DF Consolidado - Demonstração das Mutações do Patrimônio Líquido;REAL;MIL;ÚLTIMO;2025-01-01;2025-12-31;Patrimônio Líquido;5.04.07;Juros sobre Capital Próprio;0.0000000000;S
00.000.000/0001-91;2025-12-31;1;BCO BRASIL S.A.;001023;DF Consolidado - Demonstração das Mutações do Patrimônio Líquido;REAL;MIL;PENÚLTIMO;2024-01-01;2024-12-31;Participação dos Não Controladores;5.04.07;Juros sobre Capital Próprio;-15388923.0000000000;S
00.000.000/0001-91;2025-12-31;1;BCO BRASIL S.A.;001023;DF Consolidado - Demonstração das Mutações do Patrimônio Líquido;REAL;MIL;ÚLTIMO;2025-01-01;2025-12-31;Participação dos Não Controladores;5.04.07;Juros sobre Capital Próprio;-5219106.0000000000;S
00.000.000/0001-91;2025-12-31;1;BCO BRASIL S.A.;001023;DF Consolidado - Demonstração das Mutações do Patrimônio Líquido;REAL;MIL;PENÚLTIMO;2024-01-01;2024-12-31;Patrimônio Líquido Consolidado;5.04.07;Juros sobre Capital Próprio;-2338436.0000000000;S
00.000.000/0001-91;2025-12-31;1;BCO BRASIL S.A.;001023;DF Consolidado - Demonstração das Mutações do Patrimônio Líquido;REAL;MIL;ÚLTIMO;2025-01-01;2025-12-31;Patrimônio Líquido Consolidado;5.04.07;Juros sobre Capital Próprio;-2883979.0000000000;S
00.000.000/0001-91;2025-12-31;1;BCO BRASIL S.A.;001023;DF Consolidado - Demonstração das Mutações do Patrimônio Líquido;REAL;MIL;PENÚLTIMO;2024-01-01;2024-12-31;;5.04.07;Juros sobre Capital Próprio;-17727359.0000000000;S
00.000.000/0001-91;2025-12-31;1;BCO BRASIL S.A.;001023;DF Consolidado - Demonstração das Mutações do Patrimônio Líquido;REAL;MIL;ÚLTIMO;2025-01-01;2025-12-31;;5.04.07;Juros sobre Capital Próprio;-8103085.0000000000;S
02.171.304/0001-47;2025-12-31;1;FGR INCORPORAÇÕES S.A.;028010;DF Consolidado - Demonstração das Mutações do Patrimônio Líquido;REAL;MIL;PENÚLTIMO;2024-01-01;2024-12-31;Capital Social Integralizado;5.04.06;Dividendos;0.0000000000;S
02.171.304/0001-47;2025-12-31;1;FGR INCORPORAÇÕES S.A.;028010;DF Consolidado - Demonstração das Mutações do Patrimônio Líquido;REAL;MIL;PENÚLTIMO;2024-01-01;2024-12-31;Capital Social Integralizado;5.04.06;Dividendos;0.0000000000;S
02.171.304/0001-47;2025-12-31;1;FGR INCORPORAÇÕES S.A.;028010;DF Consolidado - Demonstração das Mutações do Patrimônio Líquido;REAL;MIL;ÚLTIMO;2025-01-01;2025-12-31;Capital Social Integralizado;5.04.06;Dividendos;0.0000000000;S
02.171.304/0001-47;2025-12-31;1;FGR INCORPORAÇÕES S.A.;028010;DF Consolidado - Demonstração das Mutações do Patrimônio Líquido;REAL;MIL;ÚLTIMO;2025-01-01;2025-12-31;Capital Social Integralizado;5.04.06;Dividendos;0.0000000000;S
02.171.304/0001-47;2025-12-31;1;FGR INCORPORAÇÕES S.A.;028010;DF Consolidado - Demonstração das Mutações do Patrimônio Líquido;REAL;MIL;PENÚLTIMO;2024-01-01;2024-12-31;Reservas de Capital, Opções Outorgadas e Ações em Tesouraria;5.04.06;Dividendos;0.0000000000;S
02.171.304/0001-47;2025-12-31;1;FGR INCORPORAÇÕES S.A.;028010;DF Consolidado - Demonstração das Mutações do Patrimônio Líquido;REAL;MIL;PENÚLTIMO;2024-01-01;2024-12-31;Reservas de Capital, Opções Outorgadas e Ações em Tesouraria;5.04.06;Dividendos;0.0000000000;S
02.171.304/0001-47;2025-12-31;1;FGR INCORPORAÇÕES S.A.;028010;DF Consolidado - Demonstração das Mutações do Patrimônio Líquido;REAL;MIL;ÚLTIMO;2025-01-01;2025-12-31;Reservas de Capital, Opções Outorgadas e Ações em Tesouraria;5.04.06;Dividendos;0.0000000000;S
02.171.304/0001-47;2025-12-31;1;FGR INCORPORAÇÕES S.A.;028010;DF Consolidado - Demonstração das Mutações do Patrimônio Líquido;REAL;MIL;ÚLTIMO;2025-01-01;2025-12-31;Reservas de Capital, Opções Outorgadas e Ações em Tesouraria;5.04.06;Dividendos;0.0000000000;S
02.171.304/0001-47;2025-12-31;1;FGR INCORPORAÇÕES S.A.;028010;DF Consolidado - Demonstração das Mutações do Patrimônio Líquido;REAL;MIL;PENÚLTIMO;2024-01-01;2024-12-31;Reservas de Lucro;5.04.06;Dividendos;0.0000000000;S
02.171.304/0001-47;2025-12-31;1;FGR INCORPORAÇÕES S.A.;028010;DF Consolidado - Demonstração das Mutações do Patrimônio Líquido;REAL;MIL;PENÚLTIMO;2024-01-01;2024-12-31;Reservas de Lucro;5.04.06;Dividendos;0.0000000000;S
02.171.304/0001-47;2025-12-31;1;FGR INCORPORAÇÕES S.A.;028010;DF Consolidado - Demonstração das Mutações do Patrimônio Líquido;REAL;MIL;ÚLTIMO;2025-01-01;2025-12-31;Reservas de Lucro;5.04.06;Dividendos;0.0000000000;S
02.171.304/0001-47;2025-12-31;1;FGR INCORPORAÇÕES S.A.;028010;DF Consolidado - Demonstração das Mutações do Patrimônio Líquido;REAL;MIL;ÚLTIMO;2025-01-01;2025-12-31;Reservas de Lucro;5.04.06;Dividendos;0.0000000000;S
02.171.304/0001-47;2025-12-31;1;FGR INCORPORAÇÕES S.A.;028010;DF Consolidado - Demonstração das Mutações do Patrimônio Líquido;REAL;MIL;PENÚLTIMO;2024-01-01;2024-12-31;Lucros ou Prejuízos Acumulados;5.04.06;Dividendos;0.0000000000;S
02.171.304/0001-47;2025-12-31;1;FGR INCORPORAÇÕES S.A.;028010;DF Consolidado - Demonstração das Mutações do Patrimônio Líquido;REAL;MIL;PENÚLTIMO;2024-01-01;2024-12-31;Lucros ou Prejuízos Acumulados;5.04.06;Dividendos;0.0000000000;S
02.171.304/0001-47;2025-12-31;1;FGR INCORPORAÇÕES S.A.;028010;DF Consolidado - Demonstração das Mutações do Patrimônio Líquido;REAL;MIL;ÚLTIMO;2025-01-01;2025-12-31;Lucros ou Prejuízos Acumulados;5.04.06;Dividendos;0.0000000000;S
02.171.304/0001-47;2025-12-31;1;FGR INCORPORAÇÕES S.A.;028010;DF Consolidado - Demonstração das Mutações do Patrimônio Líquido;REAL;MIL;ÚLTIMO;2025-01-01;2025-12-31;Lucros ou Prejuízos Acumulados;5.04.06;Dividendos;0.0000000000;S
02.171.304/0001-47;2025-12-31;1;FGR INCORPORAÇÕES S.A.;028010;DF Consolidado - Demonstração das Mutações do Patrimônio Líquido;REAL;MIL;PENÚLTIMO;2024-01-01;2024-12-31;Outros Resultados Abrangentes;5.04.06;Dividendos;0.0000000000;S
02.171.304/0001-47;2025-12-31;1;FGR INCORPORAÇÕES S.A.;028010;DF Consolidado - Demonstração das Mutações do Patrimônio Líquido;REAL;MIL;PENÚLTIMO;2024-01-01;2024-12-31;Outros Resultados Abrangentes;5.04.06;Dividendos;0.0000000000;S
02.171.304/0001-47;2025-12-31;1;FGR INCORPORAÇÕES S.A.;028010;DF Consolidado - Demonstração das Mutações do Patrimônio Líquido;REAL;MIL;ÚLTIMO;2025-01-01;2025-12-31;Outros Resultados Abrangentes;5.04.06;Dividendos;0.0000000000;S
02.171.304/0001-47;2025-12-31;1;FGR INCORPORAÇÕES S.A.;028010;DF Consolidado - Demonstração das Mutações do Patrimônio Líquido;REAL;MIL;ÚLTIMO;2025-01-01;2025-12-31;Outros Resultados Abrangentes;5.04.06;Dividendos;0.0000000000;S
02.171.304/0001-47;2025-12-31;1;FGR INCORPORAÇÕES S.A.;028010;DF Consolidado - Demonstração das Mutações do Patrimônio Líquido;REAL;MIL;PENÚLTIMO;2024-01-01;2024-12-31;Patrimônio Líquido;5.04.06;Dividendos;0.0000000000;S
02.171.304/0001-47;2025-12-31;1;FGR INCORPORAÇÕES S.A.;028010;DF Consolidado - Demonstração das Mutações do Patrimônio Líquido;REAL;MIL;PENÚLTIMO;2024-01-01;2024-12-31;Patrimônio Líquido;5.04.06;Dividendos;0.0000000000;S
02.171.304/0001-47;2025-12-31;1;FGR INCORPORAÇÕES S.A.;028010;DF Consolidado - Demonstração das Mutações do Patrimônio Líquido;REAL;MIL;ÚLTIMO;2025-01-01;2025-12-31;Patrimônio Líquido;5.04.06;Dividendos;0.0000000000;S
02.171.304/0001-47;2025-12-31;1;FGR INCORPORAÇÕES S.A.;028010;DF Consolidado - Demonstração das Mutações do Patrimônio Líquido;REAL;MIL;ÚLTIMO;2025-01-01;2025-12-31;Patrimônio Líquido;5.04.06;Dividendos;0.0000000000;S
02.171.304/0001-47;2025-12-31;1;FGR INCORPORAÇÕES S.A.;028010;DF Consolidado - Demonstração das Mutações do Patrimônio Líquido;REAL;MIL;PENÚLTIMO;2024-01-01;2024-12-31;Participação dos Não Controladores;5.04.06;Dividendos;0.0000000000;S
02.171.304/0001-47;2025-12-31;1;FGR INCORPORAÇÕES S.A.;028010;DF Consolidado - Demonstração das Mutações do Patrimônio Líquido;REAL;MIL;PENÚLTIMO;2024-01-01;2024-12-31;Participação dos Não Controladores;5.04.06;Dividendos;0.0000000000;S
02.171.304/0001-47;2025-12-31;1;FGR INCORPORAÇÕES S.A.;028010;DF Consolidado - Demonstração das Mutações do Patrimônio Líquido;REAL;MIL;ÚLTIMO;2025-01-01;2025-12-31;Participação dos Não Controladores;5.04.06;Dividendos;0.0000000000;S
02.171.304/0001-47;2025-12-31;1;FGR INCORPORAÇÕES S.A.;028010;DF Consolidado - Demonstração das Mutações do Patrimônio Líquido;REAL;MIL;ÚLTIMO;2025-01-01;2025-12-31;Participação dos Não Controladores;5.04.06;Dividendos;0.0000000000;S
02.171.304/0001-47;2025-12-31;1;FGR INCORPORAÇÕES S.A.;028010;DF Consolidado - Demonstração das Mutações do Patrimônio Líquido;REAL;MIL;PENÚLTIMO;2024-01-01;2024-12-31;Patrimônio Líquido Consolidado;5.04.06;Dividendos;0.0000000000;S
02.171.304/0001-47;2025-12-31;1;FGR INCORPORAÇÕES S.A.;028010;DF Consolidado - Demonstração das Mutações do Patrimônio Líquido;REAL;MIL;PENÚLTIMO;2024-01-01;2024-12-31;Patrimônio Líquido Consolidado;5.04.06;Dividendos;0.0000000000;S
02.171.304/0001-47;2025-12-31;1;FGR INCORPORAÇÕES S.A.;028010;DF Consolidado - Demonstração das Mutações do Patrimônio Líquido;REAL;MIL;ÚLTIMO;2025-01-01;2025-12-31;Patrimônio Líquido Consolidado;5.04.06;Dividendos;0.0000000000;S
02.171.304/0001-47;2025-12-31;1;FGR INCORPORAÇÕES S.A.;028010;DF Consolidado - Demonstração das Mutações do Patrimônio Líquido;REAL;MIL;ÚLTIMO;2025-01-01;2025-12-31;Patrimônio Líquido Consolidado;5.04.06;Dividendos;0.0000000000;S
02.171.304/0001-47;2025-12-31;1;FGR INCORPORAÇÕES S.A.;028010;DF Consolidado - Demonstração das Mutações do Patrimônio Líquido;REAL;MIL;PENÚLTIMO;2024-01-01;2024-12-31;Capital Social Integralizado;5.04.07;Juros sobre Capital Próprio;0.0000000000;S
02.171.304/0001-47;2025-12-31;1;FGR INCORPORAÇÕES S.A.;028010;DF Consolidado - Demonstração das Mutações do Patrimônio Líquido;REAL;MIL;PENÚLTIMO;2024-01-01;2024-12-31;Capital Social Integralizado;5.04.07;Juros sobre Capital Próprio;0.0000000000;S
02.171.304/0001-47;2025-12-31;1;FGR INCORPORAÇÕES S.A.;028010;DF Consolidado - Demonstração das Mutações do Patrimônio Líquido;REAL;MIL;ÚLTIMO;2025-01-01;2025-12-31;Capital Social Integralizado;5.04.07;Juros sobre Capital Próprio;0.0000000000;S
02.171.304/0001-47;2025-12-31;1;FGR INCORPORAÇÕES S.A.;028010;DF Consolidado - Demonstração das Mutações do Patrimônio Líquido;REAL;MIL;ÚLTIMO;2025-01-01;2025-12-31;Capital Social Integralizado;5.04.07;Juros sobre Capital Próprio;0.0000000000;S
02.171.304/0001-47;2025-12-31;1;FGR INCORPORAÇÕES S.A.;028010;DF Consolidado - Demonstração das Mutações do Patrimônio Líquido;REAL;MIL;PENÚLTIMO;2024-01-01;2024-12-31;Reservas de Capital, Opções Outorgadas e Ações em Tesouraria;5.04.07;Juros sobre Capital Próprio;0.0000000000;S
02.171.304/0001-47;2025-12-31;1;FGR INCORPORAÇÕES S.A.;028010;DF Consolidado - Demonstração das Mutações do Patrimônio Líquido;REAL;MIL;PENÚLTIMO;2024-01-01;2024-12-31;Reservas de Capital, Opções Outorgadas e Ações em Tesouraria;5.04.07;Juros sobre Capital Próprio;0.0000000000;S
02.171.304/0001-47;2025-12-31;1;FGR INCORPORAÇÕES S.A.;028010;DF Consolidado - Demonstração das Mutações do Patrimônio Líquido;REAL;MIL;ÚLTIMO;2025-01-01;2025-12-31;Reservas de Capital, Opções Outorgadas e Ações em Tesouraria;5.04.07;Juros sobre Capital Próprio;0.0000000000;S
02.171.304/0001-47;2025-12-31;1;FGR INCORPORAÇÕES S.A.;028010;DF Consolidado - Demonstração das Mutações do Patrimônio Líquido;REAL;MIL;ÚLTIMO;2025-01-01;2025-12-31;Reservas de Capital, Opções Outorgadas e Ações em Tesouraria;5.04.07;Juros sobre Capital Próprio;0.0000000000;S
02.171.304/0001-47;2025-12-31;1;FGR INCORPORAÇÕES S.A.;028010;DF Consolidado - Demonstração das Mutações do Patrimônio Líquido;REAL;MIL;PENÚLTIMO;2024-01-01;2024-12-31;Reservas de Lucro;5.04.07;Juros sobre Capital Próprio;0.0000000000;S
02.171.304/0001-47;2025-12-31;1;FGR INCORPORAÇÕES S.A.;028010;DF Consolidado - Demonstração das Mutações do Patrimônio Líquido;REAL;MIL;PENÚLTIMO;2024-01-01;2024-12-31;Reservas de Lucro;5.04.07;Juros sobre Capital Próprio;0.0000000000;S
02.171.304/0001-47;2025-12-31;1;FGR INCORPORAÇÕES S.A.;028010;DF Consolidado - Demonstração das Mutações do Patrimônio Líquido;REAL;MIL;ÚLTIMO;2025-01-01;2025-12-31;Reservas de Lucro;5.04.07;Juros sobre Capital Próprio;0.0000000000;S
02.171.304/0001-47;2025-12-31;1;FGR INCORPORAÇÕES S.A.;028010;DF Consolidado - Demonstração das Mutações do Patrimônio Líquido;REAL;MIL;ÚLTIMO;2025-01-01;2025-12-31;Reservas de Lucro;5.04.07;Juros sobre Capital Próprio;0.0000000000;S
02.171.304/0001-47;2025-12-31;1;FGR INCORPORAÇÕES S.A.;028010;DF Consolidado - Demonstração das Mutações do Patrimônio Líquido;REAL;MIL;PENÚLTIMO;2024-01-01;2024-12-31;Lucros ou Prejuízos Acumulados;5.04.07;Juros sobre Capital Próprio;0.0000000000;S
02.171.304/0001-47;2025-12-31;1;FGR INCORPORAÇÕES S.A.;028010;DF Consolidado - Demonstração das Mutações do Patrimônio Líquido;REAL;MIL;PENÚLTIMO;2024-01-01;2024-12-31;Lucros ou Prejuízos Acumulados;5.04.07;Juros sobre Capital Próprio;0.0000000000;S
02.171.304/0001-47;2025-12-31;1;FGR INCORPORAÇÕES S.A.;028010;DF Consolidado - Demonstração das Mutações do Patrimônio Líquido;REAL;MIL;ÚLTIMO;2025-01-01;2025-12-31;Lucros ou Prejuízos Acumulados;5.04.07;Juros sobre Capital Próprio;0.0000000000;S
02.171.304/0001-47;2025-12-31;1;FGR INCORPORAÇÕES S.A.;028010;DF Consolidado - Demonstração das Mutações do Patrimônio Líquido;REAL;MIL;ÚLTIMO;2025-01-01;2025-12-31;Lucros ou Prejuízos Acumulados;5.04.07;Juros sobre Capital Próprio;0.0000000000;S
02.171.304/0001-47;2025-12-31;1;FGR INCORPORAÇÕES S.A.;028010;DF Consolidado - Demonstração das Mutações do Patrimônio Líquido;REAL;MIL;PENÚLTIMO;2024-01-01;2024-12-31;Outros Resultados Abrangentes;5.04.07;Juros sobre Capital Próprio;0.0000000000;S
02.171.304/0001-47;2025-12-31;1;FGR INCORPORAÇÕES S.A.;028010;DF Consolidado - Demonstração das Mutações do Patrimônio Líquido;REAL;MIL;PENÚLTIMO;2024-01-01;2024-12-31;Outros Resultados Abrangentes;5.04.07;Juros sobre Capital Próprio;0.0000000000;S
02.171.304/0001-47;2025-12-31;1;FGR INCORPORAÇÕES S.A.;028010;DF Consolidado - Demonstração das Mutações do Patrimônio Líquido;REAL;MIL;ÚLTIMO;2025-01-01;2025-12-31;Outros Resultados Abrangentes;5.04.07;Juros sobre Capital Próprio;0.0000000000;S
02.171.304/0001-47;2025-12-31;1;FGR INCORPORAÇÕES S.A.;028010;DF Consolidado - Demonstração das Mutações do Patrimônio Líquido;REAL;MIL;ÚLTIMO;2025-01-01;2025-12-31;Outros Resultados Abrangentes;5.04.07;Juros sobre Capital Próprio;0.0000000000;S
02.171.304/0001-47;2025-12-31;1;FGR INCORPORAÇÕES S.A.;028010;DF Consolidado - Demonstração das Mutações do Patrimônio Líquido;REAL;MIL;PENÚLTIMO;2024-01-01;2024-12-31;Patrimônio Líquido;5.04.07;Juros sobre Capital Próprio;0.0000000000;S
02.171.304/0001-47;2025-12-31;1;FGR INCORPORAÇÕES S.A.;028010;DF Consolidado - Demonstração das Mutações do Patrimônio Líquido;REAL;MIL;PENÚLTIMO;2024-01-01;2024-12-31;Patrimônio Líquido;5.04.07;Juros sobre Capital Próprio;0.0000000000;S
02.171.304/0001-47;2025-12-31;1;FGR INCORPORAÇÕES S.A.;028010;DF Consolidado - Demonstração das Mutações do Patrimônio Líquido;REAL;MIL;ÚLTIMO;2025-01-01;2025-12-31;Patrimônio Líquido;5.04.07;Juros sobre Capital Próprio;0.0000000000;S
02.171.304/0001-47;2025-12-31;1;FGR INCORPORAÇÕES S.A.;028010;DF Consolidado - Demonstração das Mutações do Patrimônio Líquido;REAL;MIL;ÚLTIMO;2025-01-01;2025-12-31;Patrimônio Líquido;5.04.07;Juros sobre Capital Próprio;0.0000000000;S
02.171.304/0001-47;2025-12-31;1;FGR INCORPORAÇÕES S.A.;028010;DF Consolidado - Demonstração das Mutações do Patrimônio Líquido;REAL;MIL;PENÚLTIMO;2024-01-01;2024-12-31;Participação dos Não Controladores;5.04.07;Juros sobre Capital Próprio;0.0000000000;S
02.171.304/0001-47;2025-12-31;1;FGR INCORPORAÇÕES S.A.;028010;DF Consolidado - Demonstração das Mutações do Patrimônio Líquido;REAL;MIL;PENÚLTIMO;2024-01-01;2024-12-31;Participação dos Não Controladores;5.04.07;Juros sobre Capital Próprio;0.0000000000;S
02.171.304/0001-47;2025-12-31;1;FGR INCORPORAÇÕES S.A.;028010;DF Consolidado - Demonstração das Mutações do Patrimônio Líquido;REAL;MIL;ÚLTIMO;2025-01-01;2025-12-31;Participação dos Não Controladores;5.04.07;Juros sobre Capital Próprio;0.0000000000;S
02.171.304/0001-47;2025-12-31;1;FGR INCORPORAÇÕES S.A.;028010;DF Consolidado - Demonstração das Mutações do Patrimônio Líquido;REAL;MIL;ÚLTIMO;2025-01-01;2025-12-31;Participação dos Não Controladores;5.04.07;Juros sobre Capital Próprio;0.0000000000;S
02.171.304/0001-47;2025-12-31;1;FGR INCORPORAÇÕES S.A.;028010;DF Consolidado - Demonstração das Mutações do Patrimônio Líquido;REAL;MIL;PENÚLTIMO;2024-01-01;2024-12-31;Patrimônio Líquido Consolidado;5.04.07;Juros sobre Capital Próprio;0.0000000000;S
02.171.304/0001-47;2025-12-31;1;FGR INCORPORAÇÕES S.A.;028010;DF Consolidado - Demonstração das Mutações do Patrimônio Líquido;REAL;MIL;PENÚLTIMO;2024-01-01;2024-12-31;Patrimônio Líquido Consolidado;5.04.07;Juros sobre Capital Próprio;0.0000000000;S
02.171.304/0001-47;2025-12-31;1;FGR INCORPORAÇÕES S.A.;028010;DF Consolidado - Demonstração das Mutações do Patrimônio Líquido;REAL;MIL;ÚLTIMO;2025-01-01;2025-12-31;Patrimônio Líquido Consolidado;5.04.07;Juros sobre Capital Próprio;0.0000000000;S
02.171.304/0001-47;2025-12-31;1;FGR INCORPORAÇÕES S.A.;028010;DF Consolidado - Demonstração das Mutações do Patrimônio Líquido;REAL;MIL;ÚLTIMO;2025-01-01;2025-12-31;Patrimônio Líquido Consolidado;5.04.07;Juros sobre Capital Próprio;0.0000000000;S
02.171.304/0001-47;2025-12-31;1;FGR INCORPORAÇÕES S.A.;028010;DF Consolidado - Demonstração das Mutações do Patrimônio Líquido;REAL;MIL;ÚLTIMO;2025-01-01;2025-12-31;Capital Social Integralizado;5.04.11;Transações entre sócios;0.0000000000;N
02.171.304/0001-47;2025-12-31;1;FGR INCORPORAÇÕES S.A.;028010;DF Consolidado - Demonstração das Mutações do Patrimônio Líquido;REAL;MIL;ÚLTIMO;2025-01-01;2025-12-31;Capital Social Integralizado;5.04.11;Transações entre sócios;0.0000000000;N
02.171.304/0001-47;2025-12-31;1;FGR INCORPORAÇÕES S.A.;028010;DF Consolidado - Demonstração das Mutações do Patrimônio Líquido;REAL;MIL;ÚLTIMO;2025-01-01;2025-12-31;Reservas de Capital, Opções Outorgadas e Ações em Tesouraria;5.04.11;Transações entre sócios;0.0000000000;N
02.171.304/0001-47;2025-12-31;1;FGR INCORPORAÇÕES S.A.;028010;DF Consolidado - Demonstração das Mutações do Patrimônio Líquido;REAL;MIL;ÚLTIMO;2025-01-01;2025-12-31;Reservas de Capital, Opções Outorgadas e Ações em Tesouraria;5.04.11;Transações entre sócios;0.0000000000;N
02.171.304/0001-47;2025-12-31;1;FGR INCORPORAÇÕES S.A.;028010;DF Consolidado - Demonstração das Mutações do Patrimônio Líquido;REAL;MIL;ÚLTIMO;2025-01-01;2025-12-31;Reservas de Lucro;5.04.11;Transações entre sócios;-6181.0000000000;N
02.171.304/0001-47;2025-12-31;1;FGR INCORPORAÇÕES S.A.;028010;DF Consolidado - Demonstração das Mutações do Patrimônio Líquido;REAL;MIL;ÚLTIMO;2025-01-01;2025-12-31;Reservas de Lucro;5.04.11;Transações entre sócios;-6181.0000000000;N
02.171.304/0001-47;2025-12-31;1;FGR INCORPORAÇÕES S.A.;028010;DF Consolidado - Demonstração das Mutações do Patrimônio Líquido;REAL;MIL;ÚLTIMO;2025-01-01;2025-12-31;Lucros ou Prejuízos Acumulados;5.04.11;Transações entre sócios;0.0000000000;N
02.171.304/0001-47;2025-12-31;1;FGR INCORPORAÇÕES S.A.;028010;DF Consolidado - Demonstração das Mutações do Patrimônio Líquido;REAL;MIL;ÚLTIMO;2025-01-01;2025-12-31;Lucros ou Prejuízos Acumulados;5.04.11;Transações entre sócios;0.0000000000;N
02.171.304/0001-47;2025-12-31;1;FGR INCORPORAÇÕES S.A.;028010;DF Consolidado - Demonstração das Mutações do Patrimônio Líquido;REAL;MIL;ÚLTIMO;2025-01-01;2025-12-31;Outros Resultados Abrangentes;5.04.11;Transações entre sócios;0.0000000000;N
02.171.304/0001-47;2025-12-31;1;FGR INCORPORAÇÕES S.A.;028010;DF Consolidado - Demonstração das Mutações do Patrimônio Líquido;REAL;MIL;ÚLTIMO;2025-01-01;2025-12-31;Outros Resultados Abrangentes;5.04.11;Transações entre sócios;0.0000000000;N
02.171.304/0001-47;2025-12-31;1;FGR INCORPORAÇÕES S.A.;028010;DF Consolidado - Demonstração das Mutações do Patrimônio Líquido;REAL;MIL;ÚLTIMO;2025-01-01;2025-12-31;Patrimônio Líquido;5.04.11;Transações entre sócios;-6181.0000000000;N
02.171.304/0001-47;2025-12-31;1;FGR INCORPORAÇÕES S.A.;028010;DF Consolidado - Demonstração das Mutações do Patrimônio Líquido;REAL;MIL;ÚLTIMO;2025-01-01;2025-12-31;Patrimônio Líquido;5.04.11;Transações entre sócios;-6181.0000000000;N
02.171.304/0001-47;2025-12-31;1;FGR INCORPORAÇÕES S.A.;028010;DF Consolidado - Demonstração das Mutações do Patrimônio Líquido;REAL;MIL;ÚLTIMO;2025-01-01;2025-12-31;Participação dos Não Controladores;5.04.11;Transações entre sócios;7709.0000000000;N
02.171.304/0001-47;2025-12-31;1;FGR INCORPORAÇÕES S.A.;028010;DF Consolidado - Demonstração das Mutações do Patrimônio Líquido;REAL;MIL;ÚLTIMO;2025-01-01;2025-12-31;Participação dos Não Controladores;5.04.11;Transações entre sócios;7709.0000000000;N
02.171.304/0001-47;2025-12-31;1;FGR INCORPORAÇÕES S.A.;028010;DF Consolidado - Demonstração das Mutações do Patrimônio Líquido;REAL;MIL;ÚLTIMO;2025-01-01;2025-12-31;Patrimônio Líquido Consolidado;5.04.11;Transações entre sócios;1528.0000000000;N
02.171.304/0001-47;2025-12-31;1;FGR INCORPORAÇÕES S.A.;028010;DF Consolidado - Demonstração das Mutações do Patrimônio Líquido;REAL;MIL;ÚLTIMO;2025-01-01;2025-12-31;Patrimônio Líquido Consolidado;5.04.11;Transações entre sócios;1528.0000000000;N
33.000.167/0001-01;2025-12-31;1;PETROLEO BRASILEIRO S.A. PETROBRAS;009512;DF Consolidado - Demonstração das Mutações do Patrimônio Líquido;REAL;MIL;PENÚLTIMO;2024-01-01;2024-12-31;Capital Social Integralizado;5.04.06;Dividendos;0.0000000000;S
33.000.167/0001-01;2025-12-31;1;PETROLEO BRASILEIRO S.A. PETROBRAS;009512;DF Consolidado - Demonstração das Mutações do Patrimônio Líquido;REAL;MIL;ÚLTIMO;2025-01-01;2025-12-31;Capital Social Integralizado;5.04.06;Dividendos;0.0000000000;S
33.000.167/0001-01;2025-12-31;1;PETROLEO BRASILEIRO S.A. PETROBRAS;009512;DF Consolidado - Demonstração das Mutações do Patrimônio Líquido;REAL;MIL;PENÚLTIMO;2024-01-01;2024-12-31;Reservas de Capital, Opções Outorgadas e Ações em Tesouraria;5.04.06;Dividendos;0.0000000000;S
33.000.167/0001-01;2025-12-31;1;PETROLEO BRASILEIRO S.A. PETROBRAS;009512;DF Consolidado - Demonstração das Mutações do Patrimônio Líquido;REAL;MIL;ÚLTIMO;2025-01-01;2025-12-31;Reservas de Capital, Opções Outorgadas e Ações em Tesouraria;5.04.06;Dividendos;0.0000000000;S
33.000.167/0001-01;2025-12-31;1;PETROLEO BRASILEIRO S.A. PETROBRAS;009512;DF Consolidado - Demonstração das Mutações do Patrimônio Líquido;REAL;MIL;PENÚLTIMO;2024-01-01;2024-12-31;Reservas de Lucro;5.04.06;Dividendos;-64768000.0000000000;S
33.000.167/0001-01;2025-12-31;1;PETROLEO BRASILEIRO S.A. PETROBRAS;009512;DF Consolidado - Demonstração das Mutações do Patrimônio Líquido;REAL;MIL;ÚLTIMO;2025-01-01;2025-12-31;Reservas de Lucro;5.04.06;Dividendos;-1073000.0000000000;S
33.000.167/0001-01;2025-12-31;1;PETROLEO BRASILEIRO S.A. PETROBRAS;009512;DF Consolidado - Demonstração das Mutações do Patrimônio Líquido;REAL;MIL;PENÚLTIMO;2024-01-01;2024-12-31;Lucros ou Prejuízos Acumulados;5.04.06;Dividendos;-36132000.0000000000;S
33.000.167/0001-01;2025-12-31;1;PETROLEO BRASILEIRO S.A. PETROBRAS;009512;DF Consolidado - Demonstração das Mutações do Patrimônio Líquido;REAL;MIL;ÚLTIMO;2025-01-01;2025-12-31;Lucros ou Prejuízos Acumulados;5.04.06;Dividendos;-41236000.0000000000;S
33.000.167/0001-01;2025-12-31;1;PETROLEO BRASILEIRO S.A. PETROBRAS;009512;DF Consolidado - Demonstração das Mutações do Patrimônio Líquido;REAL;MIL;PENÚLTIMO;2024-01-01;2024-12-31;Outros Resultados Abrangentes;5.04.06;Dividendos;0.0000000000;S
33.000.167/0001-01;2025-12-31;1;PETROLEO BRASILEIRO S.A. PETROBRAS;009512;DF Consolidado - Demonstração das Mutações do Patrimônio Líquido;REAL;MIL;ÚLTIMO;2025-01-01;2025-12-31;Outros Resultados Abrangentes;5.04.06;Dividendos;0.0000000000;S
33.000.167/0001-01;2025-12-31;1;PETROLEO BRASILEIRO S.A. PETROBRAS;009512;DF Consolidado - Demonstração das Mutações do Patrimônio Líquido;REAL;MIL;PENÚLTIMO;2024-01-01;2024-12-31;Patrimônio Líquido;5.04.06;Dividendos;-100900000.0000000000;S
33.000.167/0001-01;2025-12-31;1;PETROLEO BRASILEIRO S.A. PETROBRAS;009512;DF Consolidado - Demonstração das Mutações do Patrimônio Líquido;REAL;MIL;ÚLTIMO;2025-01-01;2025-12-31;Patrimônio Líquido;5.04.06;Dividendos;-42309000.0000000000;S
33.000.167/0001-01;2025-12-31;1;PETROLEO BRASILEIRO S.A. PETROBRAS;009512;DF Consolidado - Demonstração das Mutações do Patrimônio Líquido;REAL;MIL;PENÚLTIMO;2024-01-01;2024-12-31;Participação dos Não Controladores;5.04.06;Dividendos;-302000.0000000000;S
33.000.167/0001-01;2025-12-31;1;PETROLEO BRASILEIRO S.A. PETROBRAS;009512;DF Consolidado - Demonstração das Mutações do Patrimônio Líquido;REAL;MIL;ÚLTIMO;2025-01-01;2025-12-31;Participação dos Não Controladores;5.04.06;Dividendos;-114000.0000000000;S
33.000.167/0001-01;2025-12-31;1;PETROLEO BRASILEIRO S.A. PETROBRAS;009512;DF Consolidado - Demonstração das Mutações do Patrimônio Líquido;REAL;MIL;PENÚLTIMO;2024-01-01;2024-12-31;Patrimônio Líquido Consolidado;5.04.06;Dividendos;-101202000.0000000000;S
33.000.167/0001-01;2025-12-31;1;PETROLEO BRASILEIRO S.A. PETROBRAS;009512;DF Consolidado - Demonstração das Mutações do Patrimônio Líquido;REAL;MIL;ÚLTIMO;2025-01-01;2025-12-31;Patrimônio Líquido Consolidado;5.04.06;Dividendos;-42423000.0000000000;S
33.000.167/0001-01;2025-12-31;1;PETROLEO BRASILEIRO S.A. PETROBRAS;009512;DF Consolidado - Demonstração das Mutações do Patrimônio Líquido;REAL;MIL;PENÚLTIMO;2024-01-01;2024-12-31;Capital Social Integralizado;5.04.07;Juros sobre Capital Próprio;0.0000000000;S
33.000.167/0001-01;2025-12-31;1;PETROLEO BRASILEIRO S.A. PETROBRAS;009512;DF Consolidado - Demonstração das Mutações do Patrimônio Líquido;REAL;MIL;ÚLTIMO;2025-01-01;2025-12-31;Capital Social Integralizado;5.04.07;Juros sobre Capital Próprio;0.0000000000;S
33.000.167/0001-01;2025-12-31;1;PETROLEO BRASILEIRO S.A. PETROBRAS;009512;DF Consolidado - Demonstração das Mutações do Patrimônio Líquido;REAL;MIL;PENÚLTIMO;2024-01-01;2024-12-31;Reservas de Capital, Opções Outorgadas e Ações em Tesouraria;5.04.07;Juros sobre Capital Próprio;0.0000000000;S
33.000.167/0001-01;2025-12-31;1;PETROLEO BRASILEIRO S.A. PETROBRAS;009512;DF Consolidado - Demonstração das Mutações do Patrimônio Líquido;REAL;MIL;ÚLTIMO;2025-01-01;2025-12-31;Reservas de Capital, Opções Outorgadas e Ações em Tesouraria;5.04.07;Juros sobre Capital Próprio;0.0000000000;S
33.000.167/0001-01;2025-12-31;1;PETROLEO BRASILEIRO S.A. PETROBRAS;009512;DF Consolidado - Demonstração das Mutações do Patrimônio Líquido;REAL;MIL;PENÚLTIMO;2024-01-01;2024-12-31;Reservas de Lucro;5.04.07;Juros sobre Capital Próprio;0.0000000000;S
33.000.167/0001-01;2025-12-31;1;PETROLEO BRASILEIRO S.A. PETROBRAS;009512;DF Consolidado - Demonstração das Mutações do Patrimônio Líquido;REAL;MIL;ÚLTIMO;2025-01-01;2025-12-31;Reservas de Lucro;5.04.07;Juros sobre Capital Próprio;0.0000000000;S
33.000.167/0001-01;2025-12-31;1;PETROLEO BRASILEIRO S.A. PETROBRAS;009512;DF Consolidado - Demonstração das Mutações do Patrimônio Líquido;REAL;MIL;PENÚLTIMO;2024-01-01;2024-12-31;Lucros ou Prejuízos Acumulados;5.04.07;Juros sobre Capital Próprio;0.0000000000;S
33.000.167/0001-01;2025-12-31;1;PETROLEO BRASILEIRO S.A. PETROBRAS;009512;DF Consolidado - Demonstração das Mutações do Patrimônio Líquido;REAL;MIL;ÚLTIMO;2025-01-01;2025-12-31;Lucros ou Prejuízos Acumulados;5.04.07;Juros sobre Capital Próprio;0.0000000000;S
33.000.167/0001-01;2025-12-31;1;PETROLEO BRASILEIRO S.A. PETROBRAS;009512;DF Consolidado - Demonstração das Mutações do Patrimônio Líquido;REAL;MIL;PENÚLTIMO;2024-01-01;2024-12-31;Outros Resultados Abrangentes;5.04.07;Juros sobre Capital Próprio;0.0000000000;S
33.000.167/0001-01;2025-12-31;1;PETROLEO BRASILEIRO S.A. PETROBRAS;009512;DF Consolidado - Demonstração das Mutações do Patrimônio Líquido;REAL;MIL;ÚLTIMO;2025-01-01;2025-12-31;Outros Resultados Abrangentes;5.04.07;Juros sobre Capital Próprio;0.0000000000;S
33.000.167/0001-01;2025-12-31;1;PETROLEO BRASILEIRO S.A. PETROBRAS;009512;DF Consolidado - Demonstração das Mutações do Patrimônio Líquido;REAL;MIL;PENÚLTIMO;2024-01-01;2024-12-31;Patrimônio Líquido;5.04.07;Juros sobre Capital Próprio;0.0000000000;S
33.000.167/0001-01;2025-12-31;1;PETROLEO BRASILEIRO S.A. PETROBRAS;009512;DF Consolidado - Demonstração das Mutações do Patrimônio Líquido;REAL;MIL;ÚLTIMO;2025-01-01;2025-12-31;Patrimônio Líquido;5.04.07;Juros sobre Capital Próprio;0.0000000000;S
33.000.167/0001-01;2025-12-31;1;PETROLEO BRASILEIRO S.A. PETROBRAS;009512;DF Consolidado - Demonstração das Mutações do Patrimônio Líquido;REAL;MIL;PENÚLTIMO;2024-01-01;2024-12-31;Participação dos Não Controladores;5.04.07;Juros sobre Capital Próprio;0.0000000000;S
33.000.167/0001-01;2025-12-31;1;PETROLEO BRASILEIRO S.A. PETROBRAS;009512;DF Consolidado - Demonstração das Mutações do Patrimônio Líquido;REAL;MIL;ÚLTIMO;2025-01-01;2025-12-31;Participação dos Não Controladores;5.04.07;Juros sobre Capital Próprio;0.0000000000;S
33.000.167/0001-01;2025-12-31;1;PETROLEO BRASILEIRO S.A. PETROBRAS;009512;DF Consolidado - Demonstração das Mutações do Patrimônio Líquido;REAL;MIL;PENÚLTIMO;2024-01-01;2024-12-31;Patrimônio Líquido Consolidado;5.04.07;Juros sobre Capital Próprio;0.0000000000;S
33.000.167/0001-01;2025-12-31;1;PETROLEO BRASILEIRO S.A. PETROBRAS;009512;DF Consolidado - Demonstração das Mutações do Patrimônio Líquido;REAL;MIL;ÚLTIMO;2025-01-01;2025-12-31;Patrimônio Líquido Consolidado;5.04.07;Juros sobre Capital Próprio;0.0000000000;S
33.000.167/0001-01;2025-12-31;1;PETROLEO BRASILEIRO S.A. PETROBRAS;009512;DF Consolidado - Demonstração das Mutações do Patrimônio Líquido;REAL;MIL;PENÚLTIMO;2024-01-01;2024-12-31;Capital Social Integralizado;5.04.11;Dividendos prescritos;0.0000000000;N
33.000.167/0001-01;2025-12-31;1;PETROLEO BRASILEIRO S.A. PETROBRAS;009512;DF Consolidado - Demonstração das Mutações do Patrimônio Líquido;REAL;MIL;ÚLTIMO;2025-01-01;2025-12-31;Capital Social Integralizado;5.04.11;Dividendos prescritos;0.0000000000;N
33.000.167/0001-01;2025-12-31;1;PETROLEO BRASILEIRO S.A. PETROBRAS;009512;DF Consolidado - Demonstração das Mutações do Patrimônio Líquido;REAL;MIL;PENÚLTIMO;2024-01-01;2024-12-31;Reservas de Capital, Opções Outorgadas e Ações em Tesouraria;5.04.11;Dividendos prescritos;0.0000000000;N
33.000.167/0001-01;2025-12-31;1;PETROLEO BRASILEIRO S.A. PETROBRAS;009512;DF Consolidado - Demonstração das Mutações do Patrimônio Líquido;REAL;MIL;ÚLTIMO;2025-01-01;2025-12-31;Reservas de Capital, Opções Outorgadas e Ações em Tesouraria;5.04.11;Dividendos prescritos;0.0000000000;N
33.000.167/0001-01;2025-12-31;1;PETROLEO BRASILEIRO S.A. PETROBRAS;009512;DF Consolidado - Demonstração das Mutações do Patrimônio Líquido;REAL;MIL;PENÚLTIMO;2024-01-01;2024-12-31;Reservas de Lucro;5.04.11;Dividendos prescritos;0.0000000000;N
33.000.167/0001-01;2025-12-31;1;PETROLEO BRASILEIRO S.A. PETROBRAS;009512;DF Consolidado - Demonstração das Mutações do Patrimônio Líquido;REAL;MIL;ÚLTIMO;2025-01-01;2025-12-31;Reservas de Lucro;5.04.11;Dividendos prescritos;0.0000000000;N
33.000.167/0001-01;2025-12-31;1;PETROLEO BRASILEIRO S.A. PETROBRAS;009512;DF Consolidado - Demonstração das Mutações do Patrimônio Líquido;REAL;MIL;PENÚLTIMO;2024-01-01;2024-12-31;Lucros ou Prejuízos Acumulados;5.04.11;Dividendos prescritos;316000.0000000000;N
33.000.167/0001-01;2025-12-31;1;PETROLEO BRASILEIRO S.A. PETROBRAS;009512;DF Consolidado - Demonstração das Mutações do Patrimônio Líquido;REAL;MIL;ÚLTIMO;2025-01-01;2025-12-31;Lucros ou Prejuízos Acumulados;5.04.11;Dividendos prescritos;828000.0000000000;N
33.000.167/0001-01;2025-12-31;1;PETROLEO BRASILEIRO S.A. PETROBRAS;009512;DF Consolidado - Demonstração das Mutações do Patrimônio Líquido;REAL;MIL;PENÚLTIMO;2024-01-01;2024-12-31;Outros Resultados Abrangentes;5.04.11;Dividendos prescritos;0.0000000000;N
33.000.167/0001-01;2025-12-31;1;PETROLEO BRASILEIRO S.A. PETROBRAS;009512;DF Consolidado - Demonstração das Mutações do Patrimônio Líquido;REAL;MIL;ÚLTIMO;2025-01-01;2025-12-31;Outros Resultados Abrangentes;5.04.11;Dividendos prescritos;0.0000000000;N
33.000.167/0001-01;2025-12-31;1;PETROLEO BRASILEIRO S.A. PETROBRAS;009512;DF Consolidado - Demonstração das Mutações do Patrimônio Líquido;REAL;MIL;PENÚLTIMO;2024-01-01;2024-12-31;Patrimônio Líquido;5.04.11;Dividendos prescritos;316000.0000000000;N
33.000.167/0001-01;2025-12-31;1;PETROLEO BRASILEIRO S.A. PETROBRAS;009512;DF Consolidado - Demonstração das Mutações do Patrimônio Líquido;REAL;MIL;ÚLTIMO;2025-01-01;2025-12-31;Patrimônio Líquido;5.04.11;Dividendos prescritos;828000.0000000000;N
33.000.167/0001-01;2025-12-31;1;PETROLEO BRASILEIRO S.A. PETROBRAS;009512;DF Consolidado - Demonstração das Mutações do Patrimônio Líquido;REAL;MIL;PENÚLTIMO;2024-01-01;2024-12-31;Participação dos Não Controladores;5.04.11;Dividendos prescritos;0.0000000000;N
33.000.167/0001-01;2025-12-31;1;PETROLEO BRASILEIRO S.A. PETROBRAS;009512;DF Consolidado - Demonstração das Mutações do Patrimônio Líquido;REAL;MIL;ÚLTIMO;2025-01-01;2025-12-31;Participação dos Não Controladores;5.04.11;Dividendos prescritos;0.0000000000;N
33.000.167/0001-01;2025-12-31;1;PETROLEO BRASILEIRO S.A. PETROBRAS;009512;DF Consolidado - Demonstração das Mutações do Patrimônio Líquido;REAL;MIL;PENÚLTIMO;2024-01-01;2024-12-31;Patrimônio Líquido Consolidado;5.04.11;Dividendos prescritos;316000.0000000000;N
33.000.167/0001-01;2025-12-31;1;PETROLEO BRASILEIRO S.A. PETROBRAS;009512;DF Consolidado - Demonstração das Mutações do Patrimônio Líquido;REAL;MIL;ÚLTIMO;2025-01-01;2025-12-31;Patrimônio Líquido Consolidado;5.04.11;Dividendos prescritos;828000.0000000000;N
33.592.510/0001-54;2025-12-31;2;VALE S.A.;004170;DF Consolidado - Demonstração das Mutações do Patrimônio Líquido;REAL;MIL;PENÚLTIMO;2024-01-01;2024-12-31;Capital Social Integralizado;5.04.06;Dividendos;0.0000000000;S
33.592.510/0001-54;2025-12-31;2;VALE S.A.;004170;DF Consolidado - Demonstração das Mutações do Patrimônio Líquido;REAL;MIL;ÚLTIMO;2025-01-01;2025-12-31;Capital Social Integralizado;5.04.06;Dividendos;0.0000000000;S
33.592.510/0001-54;2025-12-31;2;VALE S.A.;004170;DF Consolidado - Demonstração das Mutações do Patrimônio Líquido;REAL;MIL;PENÚLTIMO;2024-01-01;2024-12-31;Reservas de Capital, Opções Outorgadas e Ações em Tesouraria;5.04.06;Dividendos;0.0000000000;S
33.592.510/0001-54;2025-12-31;2;VALE S.A.;004170;DF Consolidado - Demonstração das Mutações do Patrimônio Líquido;REAL;MIL;ÚLTIMO;2025-01-01;2025-12-31;Reservas de Capital, Opções Outorgadas e Ações em Tesouraria;5.04.06;Dividendos;0.0000000000;S
33.592.510/0001-54;2025-12-31;2;VALE S.A.;004170;DF Consolidado - Demonstração das Mutações do Patrimônio Líquido;REAL;MIL;PENÚLTIMO;2024-01-01;2024-12-31;Reservas de Lucro;5.04.06;Dividendos;-11722000.0000000000;S
33.592.510/0001-54;2025-12-31;2;VALE S.A.;004170;DF Consolidado - Demonstração das Mutações do Patrimônio Líquido;REAL;MIL;ÚLTIMO;2025-01-01;2025-12-31;Reservas de Lucro;5.04.06;Dividendos;0.0000000000;S
33.592.510/0001-54;2025-12-31;2;VALE S.A.;004170;DF Consolidado - Demonstração das Mutações do Patrimônio Líquido;REAL;MIL;PENÚLTIMO;2024-01-01;2024-12-31;Lucros ou Prejuízos Acumulados;5.04.06;Dividendos;0.0000000000;S
33.592.510/0001-54;2025-12-31;2;VALE S.A.;004170;DF Consolidado - Demonstração das Mutações do Patrimônio Líquido;REAL;MIL;ÚLTIMO;2025-01-01;2025-12-31;Lucros ou Prejuízos Acumulados;5.04.06;Dividendos;0.0000000000;S
33.592.510/0001-54;2025-12-31;2;VALE S.A.;004170;DF Consolidado - Demonstração das Mutações do Patrimônio Líquido;REAL;MIL;PENÚLTIMO;2024-01-01;2024-12-31;Outros Resultados Abrangentes;5.04.06;Dividendos;0.0000000000;S
33.592.510/0001-54;2025-12-31;2;VALE S.A.;004170;DF Consolidado - Demonstração das Mutações do Patrimônio Líquido;REAL;MIL;ÚLTIMO;2025-01-01;2025-12-31;Outros Resultados Abrangentes;5.04.06;Dividendos;0.0000000000;S
33.592.510/0001-54;2025-12-31;2;VALE S.A.;004170;DF Consolidado - Demonstração das Mutações do Patrimônio Líquido;REAL;MIL;PENÚLTIMO;2024-01-01;2024-12-31;Patrimônio Líquido;5.04.06;Dividendos;-11722000.0000000000;S
33.592.510/0001-54;2025-12-31;2;VALE S.A.;004170;DF Consolidado - Demonstração das Mutações do Patrimônio Líquido;REAL;MIL;ÚLTIMO;2025-01-01;2025-12-31;Patrimônio Líquido;5.04.06;Dividendos;0.0000000000;S
33.592.510/0001-54;2025-12-31;2;VALE S.A.;004170;DF Consolidado - Demonstração das Mutações do Patrimônio Líquido;REAL;MIL;PENÚLTIMO;2024-01-01;2024-12-31;Participação dos Não Controladores;5.04.06;Dividendos;-1000.0000000000;S
33.592.510/0001-54;2025-12-31;2;VALE S.A.;004170;DF Consolidado - Demonstração das Mutações do Patrimônio Líquido;REAL;MIL;ÚLTIMO;2025-01-01;2025-12-31;Participação dos Não Controladores;5.04.06;Dividendos;-24000.0000000000;S
33.592.510/0001-54;2025-12-31;2;VALE S.A.;004170;DF Consolidado - Demonstração das Mutações do Patrimônio Líquido;REAL;MIL;PENÚLTIMO;2024-01-01;2024-12-31;Patrimônio Líquido Consolidado;5.04.06;Dividendos;-11723000.0000000000;S
33.592.510/0001-54;2025-12-31;2;VALE S.A.;004170;DF Consolidado - Demonstração das Mutações do Patrimônio Líquido;REAL;MIL;ÚLTIMO;2025-01-01;2025-12-31;Patrimônio Líquido Consolidado;5.04.06;Dividendos;-24000.0000000000;S
33.592.510/0001-54;2025-12-31;2;VALE S.A.;004170;DF Consolidado - Demonstração das Mutações do Patrimônio Líquido;REAL;MIL;PENÚLTIMO;2024-01-01;2024-12-31;Capital Social Integralizado;5.04.07;Juros sobre Capital Próprio;0.0000000000;S
33.592.510/0001-54;2025-12-31;2;VALE S.A.;004170;DF Consolidado - Demonstração das Mutações do Patrimônio Líquido;REAL;MIL;ÚLTIMO;2025-01-01;2025-12-31;Capital Social Integralizado;5.04.07;Juros sobre Capital Próprio;0.0000000000;S
33.592.510/0001-54;2025-12-31;2;VALE S.A.;004170;DF Consolidado - Demonstração das Mutações do Patrimônio Líquido;REAL;MIL;PENÚLTIMO;2024-01-01;2024-12-31;Reservas de Capital, Opções Outorgadas e Ações em Tesouraria;5.04.07;Juros sobre Capital Próprio;0.0000000000;S
33.592.510/0001-54;2025-12-31;2;VALE S.A.;004170;DF Consolidado - Demonstração das Mutações do Patrimônio Líquido;REAL;MIL;ÚLTIMO;2025-01-01;2025-12-31;Reservas de Capital, Opções Outorgadas e Ações em Tesouraria;5.04.07;Juros sobre Capital Próprio;0.0000000000;S
33.592.510/0001-54;2025-12-31;2;VALE S.A.;004170;DF Consolidado - Demonstração das Mutações do Patrimônio Líquido;REAL;MIL;PENÚLTIMO;2024-01-01;2024-12-31;Reservas de Lucro;5.04.07;Juros sobre Capital Próprio;0.0000000000;S
33.592.510/0001-54;2025-12-31;2;VALE S.A.;004170;DF Consolidado - Demonstração das Mutações do Patrimônio Líquido;REAL;MIL;ÚLTIMO;2025-01-01;2025-12-31;Reservas de Lucro;5.04.07;Juros sobre Capital Próprio;0.0000000000;S
33.592.510/0001-54;2025-12-31;2;VALE S.A.;004170;DF Consolidado - Demonstração das Mutações do Patrimônio Líquido;REAL;MIL;PENÚLTIMO;2024-01-01;2024-12-31;Lucros ou Prejuízos Acumulados;5.04.07;Juros sobre Capital Próprio;-11162000.0000000000;S
33.592.510/0001-54;2025-12-31;2;VALE S.A.;004170;DF Consolidado - Demonstração das Mutações do Patrimônio Líquido;REAL;MIL;ÚLTIMO;2025-01-01;2025-12-31;Lucros ou Prejuízos Acumulados;5.04.07;Juros sobre Capital Próprio;0.0000000000;S
33.592.510/0001-54;2025-12-31;2;VALE S.A.;004170;DF Consolidado - Demonstração das Mutações do Patrimônio Líquido;REAL;MIL;PENÚLTIMO;2024-01-01;2024-12-31;Outros Resultados Abrangentes;5.04.07;Juros sobre Capital Próprio;0.0000000000;S
33.592.510/0001-54;2025-12-31;2;VALE S.A.;004170;DF Consolidado - Demonstração das Mutações do Patrimônio Líquido;REAL;MIL;ÚLTIMO;2025-01-01;2025-12-31;Outros Resultados Abrangentes;5.04.07;Juros sobre Capital Próprio;0.0000000000;S
33.592.510/0001-54;2025-12-31;2;VALE S.A.;004170;DF Consolidado - Demonstração das Mutações do Patrimônio Líquido;REAL;MIL;PENÚLTIMO;2024-01-01;2024-12-31;Patrimônio Líquido;5.04.07;Juros sobre Capital Próprio;-11162000.0000000000;S
33.592.510/0001-54;2025-12-31;2;VALE S.A.;004170;DF Consolidado - Demonstração das Mutações do Patrimônio Líquido;REAL;MIL;ÚLTIMO;2025-01-01;2025-12-31;Patrimônio Líquido;5.04.07;Juros sobre Capital Próprio;0.0000000000;S
33.592.510/0001-54;2025-12-31;2;VALE S.A.;004170;DF Consolidado - Demonstração das Mutações do Patrimônio Líquido;REAL;MIL;PENÚLTIMO;2024-01-01;2024-12-31;Participação dos Não Controladores;5.04.07;Juros sobre Capital Próprio;0.0000000000;S
33.592.510/0001-54;2025-12-31;2;VALE S.A.;004170;DF Consolidado - Demonstração das Mutações do Patrimônio Líquido;REAL;MIL;ÚLTIMO;2025-01-01;2025-12-31;Participação dos Não Controladores;5.04.07;Juros sobre Capital Próprio;0.0000000000;S
33.592.510/0001-54;2025-12-31;2;VALE S.A.;004170;DF Consolidado - Demonstração das Mutações do Patrimônio Líquido;REAL;MIL;PENÚLTIMO;2024-01-01;2024-12-31;Patrimônio Líquido Consolidado;5.04.07;Juros sobre Capital Próprio;-11162000.0000000000;S
33.592.510/0001-54;2025-12-31;2;VALE S.A.;004170;DF Consolidado - Demonstração das Mutações do Patrimônio Líquido;REAL;MIL;ÚLTIMO;2025-01-01;2025-12-31;Patrimônio Líquido Consolidado;5.04.07;Juros sobre Capital Próprio;0.0000000000;S
33.592.510/0001-54;2025-12-31;2;VALE S.A.;004170;DF Consolidado - Demonstração das Mutações do Patrimônio Líquido;REAL;MIL;PENÚLTIMO;2024-01-01;2024-12-31;Capital Social Integralizado;5.04.11;Ações em tesouraria canceladas ;0.0000000000;N
33.592.510/0001-54;2025-12-31;2;VALE S.A.;004170;DF Consolidado - Demonstração das Mutações do Patrimônio Líquido;REAL;MIL;ÚLTIMO;2025-01-01;2025-12-31;Capital Social Integralizado;5.04.11;Dividendos e Juros sobre o Capital Próprio de Acionistas da Vale;0.0000000000;N
33.592.510/0001-54;2025-12-31;2;VALE S.A.;004170;DF Consolidado - Demonstração das Mutações do Patrimônio Líquido;REAL;MIL;PENÚLTIMO;2024-01-01;2024-12-31;Reservas de Capital, Opções Outorgadas e Ações em Tesouraria;5.04.11;Ações em tesouraria canceladas ;0.0000000000;N
33.592.510/0001-54;2025-12-31;2;VALE S.A.;004170;DF Consolidado - Demonstração das Mutações do Patrimônio Líquido;REAL;MIL;ÚLTIMO;2025-01-01;2025-12-31;Reservas de Capital, Opções Outorgadas e Ações em Tesouraria;5.04.11;Dividendos e Juros sobre o Capital Próprio de Acionistas da Vale;0.0000000000;N
33.592.510/0001-54;2025-12-31;2;VALE S.A.;004170;DF Consolidado - Demonstração das Mutações do Patrimônio Líquido;REAL;MIL;PENÚLTIMO;2024-01-01;2024-12-31;Reservas de Lucro;5.04.11;Ações em tesouraria canceladas ;0.0000000000;N
33.592.510/0001-54;2025-12-31;2;VALE S.A.;004170;DF Consolidado - Demonstração das Mutações do Patrimônio Líquido;REAL;MIL;ÚLTIMO;2025-01-01;2025-12-31;Reservas de Lucro;5.04.11;Dividendos e Juros sobre o Capital Próprio de Acionistas da Vale;-21791000.0000000000;N
33.592.510/0001-54;2025-12-31;2;VALE S.A.;004170;DF Consolidado - Demonstração das Mutações do Patrimônio Líquido;REAL;MIL;PENÚLTIMO;2024-01-01;2024-12-31;Lucros ou Prejuízos Acumulados;5.04.11;Ações em tesouraria canceladas ;0.0000000000;N
33.592.510/0001-54;2025-12-31;2;VALE S.A.;004170;DF Consolidado - Demonstração das Mutações do Patrimônio Líquido;REAL;MIL;ÚLTIMO;2025-01-01;2025-12-31;Lucros ou Prejuízos Acumulados;5.04.11;Dividendos e Juros sobre o Capital Próprio de Acionistas da Vale;-10733000.0000000000;N
33.592.510/0001-54;2025-12-31;2;VALE S.A.;004170;DF Consolidado - Demonstração das Mutações do Patrimônio Líquido;REAL;MIL;PENÚLTIMO;2024-01-01;2024-12-31;Outros Resultados Abrangentes;5.04.11;Ações em tesouraria canceladas ;0.0000000000;N
33.592.510/0001-54;2025-12-31;2;VALE S.A.;004170;DF Consolidado - Demonstração das Mutações do Patrimônio Líquido;REAL;MIL;ÚLTIMO;2025-01-01;2025-12-31;Outros Resultados Abrangentes;5.04.11;Dividendos e Juros sobre o Capital Próprio de Acionistas da Vale;0.0000000000;N
33.592.510/0001-54;2025-12-31;2;VALE S.A.;004170;DF Consolidado - Demonstração das Mutações do Patrimônio Líquido;REAL;MIL;PENÚLTIMO;2024-01-01;2024-12-31;Patrimônio Líquido;5.04.11;Ações em tesouraria canceladas ;0.0000000000;N
33.592.510/0001-54;2025-12-31;2;VALE S.A.;004170;DF Consolidado - Demonstração das Mutações do Patrimônio Líquido;REAL;MIL;ÚLTIMO;2025-01-01;2025-12-31;Patrimônio Líquido;5.04.11;Dividendos e Juros sobre o Capital Próprio de Acionistas da Vale;-32524000.0000000000;N
33.592.510/0001-54;2025-12-31;2;VALE S.A.;004170;DF Consolidado - Demonstração das Mutações do Patrimônio Líquido;REAL;MIL;PENÚLTIMO;2024-01-01;2024-12-31;Participação dos Não Controladores;5.04.11;Ações em tesouraria canceladas ;0.0000000000;N
33.592.510/0001-54;2025-12-31;2;VALE S.A.;004170;DF Consolidado - Demonstração das Mutações do Patrimônio Líquido;REAL;MIL;ÚLTIMO;2025-01-01;2025-12-31;Participação dos Não Controladores;5.04.11;Dividendos e Juros sobre o Capital Próprio de Acionistas da Vale;0.0000000000;N
33.592.510/0001-54;2025-12-31;2;VALE S.A.;004170;DF Consolidado - Demonstração das Mutações do Patrimônio Líquido;REAL;MIL;PENÚLTIMO;2024-01-01;2024-12-31;Patrimônio Líquido Consolidado;5.04.11;Ações em tesouraria canceladas ;0.0000000000;N
33.592.510/0001-54;2025-12-31;2;VALE S.A.;004170;DF Consolidado - Demonstração das Mutações do Patrimônio Líquido;REAL;MIL;ÚLTIMO;2025-01-01;2025-12-31;Patrimônio Líquido Consolidado;5.04.11;Dividendos e Juros sobre o Capital Próprio de Acionistas da Vale;-32524000.0000000000;N
42.276.907/0001-28;2025-12-31;1;VLI MULTIMODAL S.A;028045;DF Consolidado - Demonstração das Mutações do Patrimônio Líquido;REAL;MIL;PENÚLTIMO;2024-01-01;2024-12-31;Capital Social Integralizado;5.04.06;Dividendos;0.0000000000;S
42.276.907/0001-28;2025-12-31;1;VLI MULTIMODAL S.A;028045;DF Consolidado - Demonstração das Mutações do Patrimônio Líquido;REAL;MIL;PENÚLTIMO;2024-01-01;2024-12-31;Capital Social Integralizado;5.04.06;Dividendos;0.0000000000;S
42.276.907/0001-28;2025-12-31;1;VLI MULTIMODAL S.A;028045;DF Consolidado - Demonstração das Mutações do Patrimônio Líquido;REAL;MIL;PENÚLTIMO;2024-01-01;2024-12-31;Capital Social Integralizado;5.04.06;Dividendos;0.0000000000;S
42.276.907/0001-28;2025-12-31;1;VLI MULTIMODAL S.A;028045;DF Consolidado - Demonstração das Mutações do Patrimônio Líquido;REAL;MIL;ÚLTIMO;2025-01-01;2025-12-31;Capital Social Integralizado;5.04.06;Dividendos;0.0000000000;S
42.276.907/0001-28;2025-12-31;1;VLI MULTIMODAL S.A;028045;DF Consolidado - Demonstração das Mutações do Patrimônio Líquido;REAL;MIL;ÚLTIMO;2025-01-01;2025-12-31;Capital Social Integralizado;5.04.06;Dividendos;0.0000000000;S
42.276.907/0001-28;2025-12-31;1;VLI MULTIMODAL S.A;028045;DF Consolidado - Demonstração das Mutações do Patrimônio Líquido;REAL;MIL;ÚLTIMO;2025-01-01;2025-12-31;Capital Social Integralizado;5.04.06;Dividendos;0.0000000000;S
42.276.907/0001-28;2025-12-31;1;VLI MULTIMODAL S.A;028045;DF Consolidado - Demonstração das Mutações do Patrimônio Líquido;REAL;MIL;PENÚLTIMO;2024-01-01;2024-12-31;Reservas de Capital, Opções Outorgadas e Ações em Tesouraria;5.04.06;Dividendos;0.0000000000;S
42.276.907/0001-28;2025-12-31;1;VLI MULTIMODAL S.A;028045;DF Consolidado - Demonstração das Mutações do Patrimônio Líquido;REAL;MIL;PENÚLTIMO;2024-01-01;2024-12-31;Reservas de Capital, Opções Outorgadas e Ações em Tesouraria;5.04.06;Dividendos;0.0000000000;S
42.276.907/0001-28;2025-12-31;1;VLI MULTIMODAL S.A;028045;DF Consolidado - Demonstração das Mutações do Patrimônio Líquido;REAL;MIL;PENÚLTIMO;2024-01-01;2024-12-31;Reservas de Capital, Opções Outorgadas e Ações em Tesouraria;5.04.06;Dividendos;0.0000000000;S
42.276.907/0001-28;2025-12-31;1;VLI MULTIMODAL S.A;028045;DF Consolidado - Demonstração das Mutações do Patrimônio Líquido;REAL;MIL;ÚLTIMO;2025-01-01;2025-12-31;Reservas de Capital, Opções Outorgadas e Ações em Tesouraria;5.04.06;Dividendos;0.0000000000;S
42.276.907/0001-28;2025-12-31;1;VLI MULTIMODAL S.A;028045;DF Consolidado - Demonstração das Mutações do Patrimônio Líquido;REAL;MIL;ÚLTIMO;2025-01-01;2025-12-31;Reservas de Capital, Opções Outorgadas e Ações em Tesouraria;5.04.06;Dividendos;0.0000000000;S
42.276.907/0001-28;2025-12-31;1;VLI MULTIMODAL S.A;028045;DF Consolidado - Demonstração das Mutações do Patrimônio Líquido;REAL;MIL;ÚLTIMO;2025-01-01;2025-12-31;Reservas de Capital, Opções Outorgadas e Ações em Tesouraria;5.04.06;Dividendos;0.0000000000;S
42.276.907/0001-28;2025-12-31;1;VLI MULTIMODAL S.A;028045;DF Consolidado - Demonstração das Mutações do Patrimônio Líquido;REAL;MIL;PENÚLTIMO;2024-01-01;2024-12-31;Reservas de Lucro;5.04.06;Dividendos;0.0000000000;S
42.276.907/0001-28;2025-12-31;1;VLI MULTIMODAL S.A;028045;DF Consolidado - Demonstração das Mutações do Patrimônio Líquido;REAL;MIL;PENÚLTIMO;2024-01-01;2024-12-31;Reservas de Lucro;5.04.06;Dividendos;0.0000000000;S
42.276.907/0001-28;2025-12-31;1;VLI MULTIMODAL S.A;028045;DF Consolidado - Demonstração das Mutações do Patrimônio Líquido;REAL;MIL;PENÚLTIMO;2024-01-01;2024-12-31;Reservas de Lucro;5.04.06;Dividendos;0.0000000000;S
42.276.907/0001-28;2025-12-31;1;VLI MULTIMODAL S.A;028045;DF Consolidado - Demonstração das Mutações do Patrimônio Líquido;REAL;MIL;ÚLTIMO;2025-01-01;2025-12-31;Reservas de Lucro;5.04.06;Dividendos;0.0000000000;S
42.276.907/0001-28;2025-12-31;1;VLI MULTIMODAL S.A;028045;DF Consolidado - Demonstração das Mutações do Patrimônio Líquido;REAL;MIL;ÚLTIMO;2025-01-01;2025-12-31;Reservas de Lucro;5.04.06;Dividendos;0.0000000000;S
42.276.907/0001-28;2025-12-31;1;VLI MULTIMODAL S.A;028045;DF Consolidado - Demonstração das Mutações do Patrimônio Líquido;REAL;MIL;ÚLTIMO;2025-01-01;2025-12-31;Reservas de Lucro;5.04.06;Dividendos;0.0000000000;S
42.276.907/0001-28;2025-12-31;1;VLI MULTIMODAL S.A;028045;DF Consolidado - Demonstração das Mutações do Patrimônio Líquido;REAL;MIL;PENÚLTIMO;2024-01-01;2024-12-31;Lucros ou Prejuízos Acumulados;5.04.06;Dividendos;-309773.0000000000;S
42.276.907/0001-28;2025-12-31;1;VLI MULTIMODAL S.A;028045;DF Consolidado - Demonstração das Mutações do Patrimônio Líquido;REAL;MIL;PENÚLTIMO;2024-01-01;2024-12-31;Lucros ou Prejuízos Acumulados;5.04.06;Dividendos;-309773.0000000000;S
42.276.907/0001-28;2025-12-31;1;VLI MULTIMODAL S.A;028045;DF Consolidado - Demonstração das Mutações do Patrimônio Líquido;REAL;MIL;PENÚLTIMO;2024-01-01;2024-12-31;Lucros ou Prejuízos Acumulados;5.04.06;Dividendos;-309773.0000000000;S
42.276.907/0001-28;2025-12-31;1;VLI MULTIMODAL S.A;028045;DF Consolidado - Demonstração das Mutações do Patrimônio Líquido;REAL;MIL;ÚLTIMO;2025-01-01;2025-12-31;Lucros ou Prejuízos Acumulados;5.04.06;Dividendos;-318327.0000000000;S
42.276.907/0001-28;2025-12-31;1;VLI MULTIMODAL S.A;028045;DF Consolidado - Demonstração das Mutações do Patrimônio Líquido;REAL;MIL;ÚLTIMO;2025-01-01;2025-12-31;Lucros ou Prejuízos Acumulados;5.04.06;Dividendos;-318327.0000000000;S
42.276.907/0001-28;2025-12-31;1;VLI MULTIMODAL S.A;028045;DF Consolidado - Demonstração das Mutações do Patrimônio Líquido;REAL;MIL;ÚLTIMO;2025-01-01;2025-12-31;Lucros ou Prejuízos Acumulados;5.04.06;Dividendos;-318327.0000000000;S
42.276.907/0001-28;2025-12-31;1;VLI MULTIMODAL S.A;028045;DF Consolidado - Demonstração das Mutações do Patrimônio Líquido;REAL;MIL;PENÚLTIMO;2024-01-01;2024-12-31;Outros Resultados Abrangentes;5.04.06;Dividendos;0.0000000000;S
42.276.907/0001-28;2025-12-31;1;VLI MULTIMODAL S.A;028045;DF Consolidado - Demonstração das Mutações do Patrimônio Líquido;REAL;MIL;PENÚLTIMO;2024-01-01;2024-12-31;Outros Resultados Abrangentes;5.04.06;Dividendos;0.0000000000;S
42.276.907/0001-28;2025-12-31;1;VLI MULTIMODAL S.A;028045;DF Consolidado - Demonstração das Mutações do Patrimônio Líquido;REAL;MIL;PENÚLTIMO;2024-01-01;2024-12-31;Outros Resultados Abrangentes;5.04.06;Dividendos;0.0000000000;S
42.276.907/0001-28;2025-12-31;1;VLI MULTIMODAL S.A;028045;DF Consolidado - Demonstração das Mutações do Patrimônio Líquido;REAL;MIL;ÚLTIMO;2025-01-01;2025-12-31;Outros Resultados Abrangentes;5.04.06;Dividendos;0.0000000000;S
42.276.907/0001-28;2025-12-31;1;VLI MULTIMODAL S.A;028045;DF Consolidado - Demonstração das Mutações do Patrimônio Líquido;REAL;MIL;ÚLTIMO;2025-01-01;2025-12-31;Outros Resultados Abrangentes;5.04.06;Dividendos;0.0000000000;S
42.276.907/0001-28;2025-12-31;1;VLI MULTIMODAL S.A;028045;DF Consolidado - Demonstração das Mutações do Patrimônio Líquido;REAL;MIL;ÚLTIMO;2025-01-01;2025-12-31;Outros Resultados Abrangentes;5.04.06;Dividendos;0.0000000000;S
42.276.907/0001-28;2025-12-31;1;VLI MULTIMODAL S.A;028045;DF Consolidado - Demonstração das Mutações do Patrimônio Líquido;REAL;MIL;PENÚLTIMO;2024-01-01;2024-12-31;Patrimônio Líquido;5.04.06;Dividendos;-309773.0000000000;S
42.276.907/0001-28;2025-12-31;1;VLI MULTIMODAL S.A;028045;DF Consolidado - Demonstração das Mutações do Patrimônio Líquido;REAL;MIL;PENÚLTIMO;2024-01-01;2024-12-31;Patrimônio Líquido;5.04.06;Dividendos;-309773.0000000000;S
42.276.907/0001-28;2025-12-31;1;VLI MULTIMODAL S.A;028045;DF Consolidado - Demonstração das Mutações do Patrimônio Líquido;REAL;MIL;PENÚLTIMO;2024-01-01;2024-12-31;Patrimônio Líquido;5.04.06;Dividendos;-309773.0000000000;S
42.276.907/0001-28;2025-12-31;1;VLI MULTIMODAL S.A;028045;DF Consolidado - Demonstração das Mutações do Patrimônio Líquido;REAL;MIL;ÚLTIMO;2025-01-01;2025-12-31;Patrimônio Líquido;5.04.06;Dividendos;-318327.0000000000;S
42.276.907/0001-28;2025-12-31;1;VLI MULTIMODAL S.A;028045;DF Consolidado - Demonstração das Mutações do Patrimônio Líquido;REAL;MIL;ÚLTIMO;2025-01-01;2025-12-31;Patrimônio Líquido;5.04.06;Dividendos;-318327.0000000000;S
42.276.907/0001-28;2025-12-31;1;VLI MULTIMODAL S.A;028045;DF Consolidado - Demonstração das Mutações do Patrimônio Líquido;REAL;MIL;ÚLTIMO;2025-01-01;2025-12-31;Patrimônio Líquido;5.04.06;Dividendos;-318327.0000000000;S
42.276.907/0001-28;2025-12-31;1;VLI MULTIMODAL S.A;028045;DF Consolidado - Demonstração das Mutações do Patrimônio Líquido;REAL;MIL;PENÚLTIMO;2024-01-01;2024-12-31;Participação dos Não Controladores;5.04.06;Dividendos;0.0000000000;S
42.276.907/0001-28;2025-12-31;1;VLI MULTIMODAL S.A;028045;DF Consolidado - Demonstração das Mutações do Patrimônio Líquido;REAL;MIL;PENÚLTIMO;2024-01-01;2024-12-31;Participação dos Não Controladores;5.04.06;Dividendos;0.0000000000;S
42.276.907/0001-28;2025-12-31;1;VLI MULTIMODAL S.A;028045;DF Consolidado - Demonstração das Mutações do Patrimônio Líquido;REAL;MIL;PENÚLTIMO;2024-01-01;2024-12-31;Participação dos Não Controladores;5.04.06;Dividendos;0.0000000000;S
42.276.907/0001-28;2025-12-31;1;VLI MULTIMODAL S.A;028045;DF Consolidado - Demonstração das Mutações do Patrimônio Líquido;REAL;MIL;ÚLTIMO;2025-01-01;2025-12-31;Participação dos Não Controladores;5.04.06;Dividendos;0.0000000000;S
42.276.907/0001-28;2025-12-31;1;VLI MULTIMODAL S.A;028045;DF Consolidado - Demonstração das Mutações do Patrimônio Líquido;REAL;MIL;ÚLTIMO;2025-01-01;2025-12-31;Participação dos Não Controladores;5.04.06;Dividendos;0.0000000000;S
42.276.907/0001-28;2025-12-31;1;VLI MULTIMODAL S.A;028045;DF Consolidado - Demonstração das Mutações do Patrimônio Líquido;REAL;MIL;ÚLTIMO;2025-01-01;2025-12-31;Participação dos Não Controladores;5.04.06;Dividendos;0.0000000000;S
42.276.907/0001-28;2025-12-31;1;VLI MULTIMODAL S.A;028045;DF Consolidado - Demonstração das Mutações do Patrimônio Líquido;REAL;MIL;PENÚLTIMO;2024-01-01;2024-12-31;Patrimônio Líquido Consolidado;5.04.06;Dividendos;-309773.0000000000;S
42.276.907/0001-28;2025-12-31;1;VLI MULTIMODAL S.A;028045;DF Consolidado - Demonstração das Mutações do Patrimônio Líquido;REAL;MIL;PENÚLTIMO;2024-01-01;2024-12-31;Patrimônio Líquido Consolidado;5.04.06;Dividendos;-309773.0000000000;S
42.276.907/0001-28;2025-12-31;1;VLI MULTIMODAL S.A;028045;DF Consolidado - Demonstração das Mutações do Patrimônio Líquido;REAL;MIL;PENÚLTIMO;2024-01-01;2024-12-31;Patrimônio Líquido Consolidado;5.04.06;Dividendos;-309773.0000000000;S
42.276.907/0001-28;2025-12-31;1;VLI MULTIMODAL S.A;028045;DF Consolidado - Demonstração das Mutações do Patrimônio Líquido;REAL;MIL;ÚLTIMO;2025-01-01;2025-12-31;Patrimônio Líquido Consolidado;5.04.06;Dividendos;-318327.0000000000;S
42.276.907/0001-28;2025-12-31;1;VLI MULTIMODAL S.A;028045;DF Consolidado - Demonstração das Mutações do Patrimônio Líquido;REAL;MIL;ÚLTIMO;2025-01-01;2025-12-31;Patrimônio Líquido Consolidado;5.04.06;Dividendos;-318327.0000000000;S
42.276.907/0001-28;2025-12-31;1;VLI MULTIMODAL S.A;028045;DF Consolidado - Demonstração das Mutações do Patrimônio Líquido;REAL;MIL;ÚLTIMO;2025-01-01;2025-12-31;Patrimônio Líquido Consolidado;5.04.06;Dividendos;-318327.0000000000;S
42.276.907/0001-28;2025-12-31;1;VLI MULTIMODAL S.A;028045;DF Consolidado - Demonstração das Mutações do Patrimônio Líquido;REAL;MIL;PENÚLTIMO;2024-01-01;2024-12-31;Capital Social Integralizado;5.04.07;Juros sobre Capital Próprio;0.0000000000;S
42.276.907/0001-28;2025-12-31;1;VLI MULTIMODAL S.A;028045;DF Consolidado - Demonstração das Mutações do Patrimônio Líquido;REAL;MIL;PENÚLTIMO;2024-01-01;2024-12-31;Capital Social Integralizado;5.04.07;Juros sobre Capital Próprio;0.0000000000;S
42.276.907/0001-28;2025-12-31;1;VLI MULTIMODAL S.A;028045;DF Consolidado - Demonstração das Mutações do Patrimônio Líquido;REAL;MIL;PENÚLTIMO;2024-01-01;2024-12-31;Capital Social Integralizado;5.04.07;Juros sobre Capital Próprio;0.0000000000;S
42.276.907/0001-28;2025-12-31;1;VLI MULTIMODAL S.A;028045;DF Consolidado - Demonstração das Mutações do Patrimônio Líquido;REAL;MIL;ÚLTIMO;2025-01-01;2025-12-31;Capital Social Integralizado;5.04.07;Juros sobre Capital Próprio;0.0000000000;S
42.276.907/0001-28;2025-12-31;1;VLI MULTIMODAL S.A;028045;DF Consolidado - Demonstração das Mutações do Patrimônio Líquido;REAL;MIL;ÚLTIMO;2025-01-01;2025-12-31;Capital Social Integralizado;5.04.07;Juros sobre Capital Próprio;0.0000000000;S
42.276.907/0001-28;2025-12-31;1;VLI MULTIMODAL S.A;028045;DF Consolidado - Demonstração das Mutações do Patrimônio Líquido;REAL;MIL;ÚLTIMO;2025-01-01;2025-12-31;Capital Social Integralizado;5.04.07;Juros sobre Capital Próprio;0.0000000000;S
42.276.907/0001-28;2025-12-31;1;VLI MULTIMODAL S.A;028045;DF Consolidado - Demonstração das Mutações do Patrimônio Líquido;REAL;MIL;PENÚLTIMO;2024-01-01;2024-12-31;Reservas de Capital, Opções Outorgadas e Ações em Tesouraria;5.04.07;Juros sobre Capital Próprio;0.0000000000;S
42.276.907/0001-28;2025-12-31;1;VLI MULTIMODAL S.A;028045;DF Consolidado - Demonstração das Mutações do Patrimônio Líquido;REAL;MIL;PENÚLTIMO;2024-01-01;2024-12-31;Reservas de Capital, Opções Outorgadas e Ações em Tesouraria;5.04.07;Juros sobre Capital Próprio;0.0000000000;S
42.276.907/0001-28;2025-12-31;1;VLI MULTIMODAL S.A;028045;DF Consolidado - Demonstração das Mutações do Patrimônio Líquido;REAL;MIL;PENÚLTIMO;2024-01-01;2024-12-31;Reservas de Capital, Opções Outorgadas e Ações em Tesouraria;5.04.07;Juros sobre Capital Próprio;0.0000000000;S
42.276.907/0001-28;2025-12-31;1;VLI MULTIMODAL S.A;028045;DF Consolidado - Demonstração das Mutações do Patrimônio Líquido;REAL;MIL;ÚLTIMO;2025-01-01;2025-12-31;Reservas de Capital, Opções Outorgadas e Ações em Tesouraria;5.04.07;Juros sobre Capital Próprio;0.0000000000;S
42.276.907/0001-28;2025-12-31;1;VLI MULTIMODAL S.A;028045;DF Consolidado - Demonstração das Mutações do Patrimônio Líquido;REAL;MIL;ÚLTIMO;2025-01-01;2025-12-31;Reservas de Capital, Opções Outorgadas e Ações em Tesouraria;5.04.07;Juros sobre Capital Próprio;0.0000000000;S
42.276.907/0001-28;2025-12-31;1;VLI MULTIMODAL S.A;028045;DF Consolidado - Demonstração das Mutações do Patrimônio Líquido;REAL;MIL;ÚLTIMO;2025-01-01;2025-12-31;Reservas de Capital, Opções Outorgadas e Ações em Tesouraria;5.04.07;Juros sobre Capital Próprio;0.0000000000;S
42.276.907/0001-28;2025-12-31;1;VLI MULTIMODAL S.A;028045;DF Consolidado - Demonstração das Mutações do Patrimônio Líquido;REAL;MIL;PENÚLTIMO;2024-01-01;2024-12-31;Reservas de Lucro;5.04.07;Juros sobre Capital Próprio;0.0000000000;S
42.276.907/0001-28;2025-12-31;1;VLI MULTIMODAL S.A;028045;DF Consolidado - Demonstração das Mutações do Patrimônio Líquido;REAL;MIL;PENÚLTIMO;2024-01-01;2024-12-31;Reservas de Lucro;5.04.07;Juros sobre Capital Próprio;0.0000000000;S
42.276.907/0001-28;2025-12-31;1;VLI MULTIMODAL S.A;028045;DF Consolidado - Demonstração das Mutações do Patrimônio Líquido;REAL;MIL;PENÚLTIMO;2024-01-01;2024-12-31;Reservas de Lucro;5.04.07;Juros sobre Capital Próprio;0.0000000000;S
42.276.907/0001-28;2025-12-31;1;VLI MULTIMODAL S.A;028045;DF Consolidado - Demonstração das Mutações do Patrimônio Líquido;REAL;MIL;ÚLTIMO;2025-01-01;2025-12-31;Reservas de Lucro;5.04.07;Juros sobre Capital Próprio;0.0000000000;S
42.276.907/0001-28;2025-12-31;1;VLI MULTIMODAL S.A;028045;DF Consolidado - Demonstração das Mutações do Patrimônio Líquido;REAL;MIL;ÚLTIMO;2025-01-01;2025-12-31;Reservas de Lucro;5.04.07;Juros sobre Capital Próprio;0.0000000000;S
42.276.907/0001-28;2025-12-31;1;VLI MULTIMODAL S.A;028045;DF Consolidado - Demonstração das Mutações do Patrimônio Líquido;REAL;MIL;ÚLTIMO;2025-01-01;2025-12-31;Reservas de Lucro;5.04.07;Juros sobre Capital Próprio;0.0000000000;S
42.276.907/0001-28;2025-12-31;1;VLI MULTIMODAL S.A;028045;DF Consolidado - Demonstração das Mutações do Patrimônio Líquido;REAL;MIL;PENÚLTIMO;2024-01-01;2024-12-31;Lucros ou Prejuízos Acumulados;5.04.07;Juros sobre Capital Próprio;0.0000000000;S
42.276.907/0001-28;2025-12-31;1;VLI MULTIMODAL S.A;028045;DF Consolidado - Demonstração das Mutações do Patrimônio Líquido;REAL;MIL;PENÚLTIMO;2024-01-01;2024-12-31;Lucros ou Prejuízos Acumulados;5.04.07;Juros sobre Capital Próprio;0.0000000000;S
42.276.907/0001-28;2025-12-31;1;VLI MULTIMODAL S.A;028045;DF Consolidado - Demonstração das Mutações do Patrimônio Líquido;REAL;MIL;PENÚLTIMO;2024-01-01;2024-12-31;Lucros ou Prejuízos Acumulados;5.04.07;Juros sobre Capital Próprio;0.0000000000;S
42.276.907/0001-28;2025-12-31;1;VLI MULTIMODAL S.A;028045;DF Consolidado - Demonstração das Mutações do Patrimônio Líquido;REAL;MIL;ÚLTIMO;2025-01-01;2025-12-31;Lucros ou Prejuízos Acumulados;5.04.07;Juros sobre Capital Próprio;0.0000000000;S
42.276.907/0001-28;2025-12-31;1;VLI MULTIMODAL S.A;028045;DF Consolidado - Demonstração das Mutações do Patrimônio Líquido;REAL;MIL;ÚLTIMO;2025-01-01;2025-12-31;Lucros ou Prejuízos Acumulados;5.04.07;Juros sobre Capital Próprio;0.0000000000;S
42.276.907/0001-28;2025-12-31;1;VLI MULTIMODAL S.A;028045;DF Consolidado - Demonstração das Mutações do Patrimônio Líquido;REAL;MIL;ÚLTIMO;2025-01-01;2025-12-31;Lucros ou Prejuízos Acumulados;5.04.07;Juros sobre Capital Próprio;0.0000000000;S
42.276.907/0001-28;2025-12-31;1;VLI MULTIMODAL S.A;028045;DF Consolidado - Demonstração das Mutações do Patrimônio Líquido;REAL;MIL;PENÚLTIMO;2024-01-01;2024-12-31;Outros Resultados Abrangentes;5.04.07;Juros sobre Capital Próprio;0.0000000000;S
42.276.907/0001-28;2025-12-31;1;VLI MULTIMODAL S.A;028045;DF Consolidado - Demonstração das Mutações do Patrimônio Líquido;REAL;MIL;PENÚLTIMO;2024-01-01;2024-12-31;Outros Resultados Abrangentes;5.04.07;Juros sobre Capital Próprio;0.0000000000;S
42.276.907/0001-28;2025-12-31;1;VLI MULTIMODAL S.A;028045;DF Consolidado - Demonstração das Mutações do Patrimônio Líquido;REAL;MIL;PENÚLTIMO;2024-01-01;2024-12-31;Outros Resultados Abrangentes;5.04.07;Juros sobre Capital Próprio;0.0000000000;S
42.276.907/0001-28;2025-12-31;1;VLI MULTIMODAL S.A;028045;DF Consolidado - Demonstração das Mutações do Patrimônio Líquido;REAL;MIL;ÚLTIMO;2025-01-01;2025-12-31;Outros Resultados Abrangentes;5.04.07;Juros sobre Capital Próprio;0.0000000000;S
42.276.907/0001-28;2025-12-31;1;VLI MULTIMODAL S.A;028045;DF Consolidado - Demonstração das Mutações do Patrimônio Líquido;REAL;MIL;ÚLTIMO;2025-01-01;2025-12-31;Outros Resultados Abrangentes;5.04.07;Juros sobre Capital Próprio;0.0000000000;S
42.276.907/0001-28;2025-12-31;1;VLI MULTIMODAL S.A;028045;DF Consolidado - Demonstração das Mutações do Patrimônio Líquido;REAL;MIL;ÚLTIMO;2025-01-01;2025-12-31;Outros Resultados Abrangentes;5.04.07;Juros sobre Capital Próprio;0.0000000000;S
42.276.907/0001-28;2025-12-31;1;VLI MULTIMODAL S.A;028045;DF Consolidado - Demonstração das Mutações do Patrimônio Líquido;REAL;MIL;PENÚLTIMO;2024-01-01;2024-12-31;Patrimônio Líquido;5.04.07;Juros sobre Capital Próprio;0.0000000000;S
42.276.907/0001-28;2025-12-31;1;VLI MULTIMODAL S.A;028045;DF Consolidado - Demonstração das Mutações do Patrimônio Líquido;REAL;MIL;PENÚLTIMO;2024-01-01;2024-12-31;Patrimônio Líquido;5.04.07;Juros sobre Capital Próprio;0.0000000000;S
42.276.907/0001-28;2025-12-31;1;VLI MULTIMODAL S.A;028045;DF Consolidado - Demonstração das Mutações do Patrimônio Líquido;REAL;MIL;PENÚLTIMO;2024-01-01;2024-12-31;Patrimônio Líquido;5.04.07;Juros sobre Capital Próprio;0.0000000000;S
42.276.907/0001-28;2025-12-31;1;VLI MULTIMODAL S.A;028045;DF Consolidado - Demonstração das Mutações do Patrimônio Líquido;REAL;MIL;ÚLTIMO;2025-01-01;2025-12-31;Patrimônio Líquido;5.04.07;Juros sobre Capital Próprio;0.0000000000;S
42.276.907/0001-28;2025-12-31;1;VLI MULTIMODAL S.A;028045;DF Consolidado - Demonstração das Mutações do Patrimônio Líquido;REAL;MIL;ÚLTIMO;2025-01-01;2025-12-31;Patrimônio Líquido;5.04.07;Juros sobre Capital Próprio;0.0000000000;S
42.276.907/0001-28;2025-12-31;1;VLI MULTIMODAL S.A;028045;DF Consolidado - Demonstração das Mutações do Patrimônio Líquido;REAL;MIL;ÚLTIMO;2025-01-01;2025-12-31;Patrimônio Líquido;5.04.07;Juros sobre Capital Próprio;0.0000000000;S
42.276.907/0001-28;2025-12-31;1;VLI MULTIMODAL S.A;028045;DF Consolidado - Demonstração das Mutações do Patrimônio Líquido;REAL;MIL;PENÚLTIMO;2024-01-01;2024-12-31;Participação dos Não Controladores;5.04.07;Juros sobre Capital Próprio;0.0000000000;S
42.276.907/0001-28;2025-12-31;1;VLI MULTIMODAL S.A;028045;DF Consolidado - Demonstração das Mutações do Patrimônio Líquido;REAL;MIL;PENÚLTIMO;2024-01-01;2024-12-31;Participação dos Não Controladores;5.04.07;Juros sobre Capital Próprio;0.0000000000;S
42.276.907/0001-28;2025-12-31;1;VLI MULTIMODAL S.A;028045;DF Consolidado - Demonstração das Mutações do Patrimônio Líquido;REAL;MIL;PENÚLTIMO;2024-01-01;2024-12-31;Participação dos Não Controladores;5.04.07;Juros sobre Capital Próprio;0.0000000000;S
42.276.907/0001-28;2025-12-31;1;VLI MULTIMODAL S.A;028045;DF Consolidado - Demonstração das Mutações do Patrimônio Líquido;REAL;MIL;ÚLTIMO;2025-01-01;2025-12-31;Participação dos Não Controladores;5.04.07;Juros sobre Capital Próprio;0.0000000000;S
42.276.907/0001-28;2025-12-31;1;VLI MULTIMODAL S.A;028045;DF Consolidado - Demonstração das Mutações do Patrimônio Líquido;REAL;MIL;ÚLTIMO;2025-01-01;2025-12-31;Participação dos Não Controladores;5.04.07;Juros sobre Capital Próprio;0.0000000000;S
42.276.907/0001-28;2025-12-31;1;VLI MULTIMODAL S.A;028045;DF Consolidado - Demonstração das Mutações do Patrimônio Líquido;REAL;MIL;ÚLTIMO;2025-01-01;2025-12-31;Participação dos Não Controladores;5.04.07;Juros sobre Capital Próprio;0.0000000000;S
42.276.907/0001-28;2025-12-31;1;VLI MULTIMODAL S.A;028045;DF Consolidado - Demonstração das Mutações do Patrimônio Líquido;REAL;MIL;PENÚLTIMO;2024-01-01;2024-12-31;Patrimônio Líquido Consolidado;5.04.07;Juros sobre Capital Próprio;0.0000000000;S
42.276.907/0001-28;2025-12-31;1;VLI MULTIMODAL S.A;028045;DF Consolidado - Demonstração das Mutações do Patrimônio Líquido;REAL;MIL;PENÚLTIMO;2024-01-01;2024-12-31;Patrimônio Líquido Consolidado;5.04.07;Juros sobre Capital Próprio;0.0000000000;S
42.276.907/0001-28;2025-12-31;1;VLI MULTIMODAL S.A;028045;DF Consolidado - Demonstração das Mutações do Patrimônio Líquido;REAL;MIL;PENÚLTIMO;2024-01-01;2024-12-31;Patrimônio Líquido Consolidado;5.04.07;Juros sobre Capital Próprio;0.0000000000;S
42.276.907/0001-28;2025-12-31;1;VLI MULTIMODAL S.A;028045;DF Consolidado - Demonstração das Mutações do Patrimônio Líquido;REAL;MIL;ÚLTIMO;2025-01-01;2025-12-31;Patrimônio Líquido Consolidado;5.04.07;Juros sobre Capital Próprio;0.0000000000;S
42.276.907/0001-28;2025-12-31;1;VLI MULTIMODAL S.A;028045;DF Consolidado - Demonstração das Mutações do Patrimônio Líquido;REAL;MIL;ÚLTIMO;2025-01-01;2025-12-31;Patrimônio Líquido Consolidado;5.04.07;Juros sobre Capital Próprio;0.0000000000;S
42.276.907/0001-28;2025-12-31;1;VLI MULTIMODAL S.A;028045;DF Consolidado - Demonstração das Mutações do Patrimônio Líquido;REAL;MIL;ÚLTIMO;2025-01-01;2025-12-31;Patrimônio Líquido Consolidado;5.04.07;Juros sobre Capital Próprio;0.0000000000;S
60.872.504/0001-23;2025-12-31;2;ITAU UNIBANCO HOLDING S.A.;019348;DF Consolidado - Demonstração das Mutações do Patrimônio Líquido;REAL;MIL;PENÚLTIMO;2024-01-01;2024-12-31;Capital Social Integralizado;5.04.06;Dividendos;0.0000000000;S
60.872.504/0001-23;2025-12-31;2;ITAU UNIBANCO HOLDING S.A.;019348;DF Consolidado - Demonstração das Mutações do Patrimônio Líquido;REAL;MIL;ÚLTIMO;2025-01-01;2025-12-31;Capital Social Integralizado;5.04.06;Dividendos;0.0000000000;S
60.872.504/0001-23;2025-12-31;2;ITAU UNIBANCO HOLDING S.A.;019348;DF Consolidado - Demonstração das Mutações do Patrimônio Líquido;REAL;MIL;PENÚLTIMO;2024-01-01;2024-12-31;Reservas de Capital, Opções Outorgadas e Ações em Tesouraria;5.04.06;Dividendos;0.0000000000;S
60.872.504/0001-23;2025-12-31;2;ITAU UNIBANCO HOLDING S.A.;019348;DF Consolidado - Demonstração das Mutações do Patrimônio Líquido;REAL;MIL;ÚLTIMO;2025-01-01;2025-12-31;Reservas de Capital, Opções Outorgadas e Ações em Tesouraria;5.04.06;Dividendos;0.0000000000;S
60.872.504/0001-23;2025-12-31;2;ITAU UNIBANCO HOLDING S.A.;019348;DF Consolidado - Demonstração das Mutações do Patrimônio Líquido;REAL;MIL;PENÚLTIMO;2024-01-01;2024-12-31;Reservas de Lucro;5.04.06;Dividendos;12229000.0000000000;S
60.872.504/0001-23;2025-12-31;2;ITAU UNIBANCO HOLDING S.A.;019348;DF Consolidado - Demonstração das Mutações do Patrimônio Líquido;REAL;MIL;ÚLTIMO;2025-01-01;2025-12-31;Reservas de Lucro;5.04.06;Dividendos;0.0000000000;S
60.872.504/0001-23;2025-12-31;2;ITAU UNIBANCO HOLDING S.A.;019348;DF Consolidado - Demonstração das Mutações do Patrimônio Líquido;REAL;MIL;PENÚLTIMO;2024-01-01;2024-12-31;Lucros ou Prejuízos Acumulados;5.04.06;Dividendos;-12229000.0000000000;S
60.872.504/0001-23;2025-12-31;2;ITAU UNIBANCO HOLDING S.A.;019348;DF Consolidado - Demonstração das Mutações do Patrimônio Líquido;REAL;MIL;ÚLTIMO;2025-01-01;2025-12-31;Lucros ou Prejuízos Acumulados;5.04.06;Dividendos;-20000000.0000000000;S
60.872.504/0001-23;2025-12-31;2;ITAU UNIBANCO HOLDING S.A.;019348;DF Consolidado - Demonstração das Mutações do Patrimônio Líquido;REAL;MIL;PENÚLTIMO;2024-01-01;2024-12-31;Outros Resultados Abrangentes;5.04.06;Dividendos;0.0000000000;S
60.872.504/0001-23;2025-12-31;2;ITAU UNIBANCO HOLDING S.A.;019348;DF Consolidado - Demonstração das Mutações do Patrimônio Líquido;REAL;MIL;ÚLTIMO;2025-01-01;2025-12-31;Outros Resultados Abrangentes;5.04.06;Dividendos;0.0000000000;S
60.872.504/0001-23;2025-12-31;2;ITAU UNIBANCO HOLDING S.A.;019348;DF Consolidado - Demonstração das Mutações do Patrimônio Líquido;REAL;MIL;PENÚLTIMO;2024-01-01;2024-12-31;Patrimônio Líquido;5.04.06;Dividendos;0.0000000000;S
60.872.504/0001-23;2025-12-31;2;ITAU UNIBANCO HOLDING S.A.;019348;DF Consolidado - Demonstração das Mutações do Patrimônio Líquido;REAL;MIL;ÚLTIMO;2025-01-01;2025-12-31;Patrimônio Líquido;5.04.06;Dividendos;-20000000.0000000000;S
60.872.504/0001-23;2025-12-31;2;ITAU UNIBANCO HOLDING S.A.;019348;DF Consolidado - Demonstração das Mutações do Patrimônio Líquido;REAL;MIL;PENÚLTIMO;2024-01-01;2024-12-31;Participação dos Não Controladores;5.04.06;Dividendos;-589000.0000000000;S
60.872.504/0001-23;2025-12-31;2;ITAU UNIBANCO HOLDING S.A.;019348;DF Consolidado - Demonstração das Mutações do Patrimônio Líquido;REAL;MIL;ÚLTIMO;2025-01-01;2025-12-31;Participação dos Não Controladores;5.04.06;Dividendos;-633000.0000000000;S
60.872.504/0001-23;2025-12-31;2;ITAU UNIBANCO HOLDING S.A.;019348;DF Consolidado - Demonstração das Mutações do Patrimônio Líquido;REAL;MIL;PENÚLTIMO;2024-01-01;2024-12-31;Patrimônio Líquido Consolidado;5.04.06;Dividendos;-589000.0000000000;S
60.872.504/0001-23;2025-12-31;2;ITAU UNIBANCO HOLDING S.A.;019348;DF Consolidado - Demonstração das Mutações do Patrimônio Líquido;REAL;MIL;ÚLTIMO;2025-01-01;2025-12-31;Patrimônio Líquido Consolidado;5.04.06;Dividendos;-20633000.0000000000;S
60.872.504/0001-23;2025-12-31;2;ITAU UNIBANCO HOLDING S.A.;019348;DF Consolidado - Demonstração das Mutações do Patrimônio Líquido;REAL;MIL;PENÚLTIMO;2024-01-01;2024-12-31;Capital Social Integralizado;5.04.07;Juros sobre Capital Próprio;0.0000000000;S
60.872.504/0001-23;2025-12-31;2;ITAU UNIBANCO HOLDING S.A.;019348;DF Consolidado - Demonstração das Mutações do Patrimônio Líquido;REAL;MIL;ÚLTIMO;2025-01-01;2025-12-31;Capital Social Integralizado;5.04.07;Juros sobre Capital Próprio;0.0000000000;S
60.872.504/0001-23;2025-12-31;2;ITAU UNIBANCO HOLDING S.A.;019348;DF Consolidado - Demonstração das Mutações do Patrimônio Líquido;REAL;MIL;PENÚLTIMO;2024-01-01;2024-12-31;Reservas de Capital, Opções Outorgadas e Ações em Tesouraria;5.04.07;Juros sobre Capital Próprio;0.0000000000;S
60.872.504/0001-23;2025-12-31;2;ITAU UNIBANCO HOLDING S.A.;019348;DF Consolidado - Demonstração das Mutações do Patrimônio Líquido;REAL;MIL;ÚLTIMO;2025-01-01;2025-12-31;Reservas de Capital, Opções Outorgadas e Ações em Tesouraria;5.04.07;Juros sobre Capital Próprio;0.0000000000;S
60.872.504/0001-23;2025-12-31;2;ITAU UNIBANCO HOLDING S.A.;019348;DF Consolidado - Demonstração das Mutações do Patrimônio Líquido;REAL;MIL;PENÚLTIMO;2024-01-01;2024-12-31;Reservas de Lucro;5.04.07;Juros sobre Capital Próprio;3260000.0000000000;S
60.872.504/0001-23;2025-12-31;2;ITAU UNIBANCO HOLDING S.A.;019348;DF Consolidado - Demonstração das Mutações do Patrimônio Líquido;REAL;MIL;ÚLTIMO;2025-01-01;2025-12-31;Reservas de Lucro;5.04.07;Juros sobre Capital Próprio;0.0000000000;S
60.872.504/0001-23;2025-12-31;2;ITAU UNIBANCO HOLDING S.A.;019348;DF Consolidado - Demonstração das Mutações do Patrimônio Líquido;REAL;MIL;PENÚLTIMO;2024-01-01;2024-12-31;Lucros ou Prejuízos Acumulados;5.04.07;Juros sobre Capital Próprio;-15875000.0000000000;S
60.872.504/0001-23;2025-12-31;2;ITAU UNIBANCO HOLDING S.A.;019348;DF Consolidado - Demonstração das Mutações do Patrimônio Líquido;REAL;MIL;ÚLTIMO;2025-01-01;2025-12-31;Lucros ou Prejuízos Acumulados;5.04.07;Juros sobre Capital Próprio;-13704000.0000000000;S
60.872.504/0001-23;2025-12-31;2;ITAU UNIBANCO HOLDING S.A.;019348;DF Consolidado - Demonstração das Mutações do Patrimônio Líquido;REAL;MIL;PENÚLTIMO;2024-01-01;2024-12-31;Outros Resultados Abrangentes;5.04.07;Juros sobre Capital Próprio;0.0000000000;S
60.872.504/0001-23;2025-12-31;2;ITAU UNIBANCO HOLDING S.A.;019348;DF Consolidado - Demonstração das Mutações do Patrimônio Líquido;REAL;MIL;ÚLTIMO;2025-01-01;2025-12-31;Outros Resultados Abrangentes;5.04.07;Juros sobre Capital Próprio;0.0000000000;S
60.872.504/0001-23;2025-12-31;2;ITAU UNIBANCO HOLDING S.A.;019348;DF Consolidado - Demonstração das Mutações do Patrimônio Líquido;REAL;MIL;PENÚLTIMO;2024-01-01;2024-12-31;Patrimônio Líquido;5.04.07;Juros sobre Capital Próprio;-12615000.0000000000;S
60.872.504/0001-23;2025-12-31;2;ITAU UNIBANCO HOLDING S.A.;019348;DF Consolidado - Demonstração das Mutações do Patrimônio Líquido;REAL;MIL;ÚLTIMO;2025-01-01;2025-12-31;Patrimônio Líquido;5.04.07;Juros sobre Capital Próprio;-13704000.0000000000;S
60.872.504/0001-23;2025-12-31;2;ITAU UNIBANCO HOLDING S.A.;019348;DF Consolidado - Demonstração das Mutações do Patrimônio Líquido;REAL;MIL;PENÚLTIMO;2024-01-01;2024-12-31;Participação dos Não Controladores;5.04.07;Juros sobre Capital Próprio;0.0000000000;S
60.872.504/0001-23;2025-12-31;2;ITAU UNIBANCO HOLDING S.A.;019348;DF Consolidado - Demonstração das Mutações do Patrimônio Líquido;REAL;MIL;ÚLTIMO;2025-01-01;2025-12-31;Participação dos Não Controladores;5.04.07;Juros sobre Capital Próprio;0.0000000000;S
60.872.504/0001-23;2025-12-31;2;ITAU UNIBANCO HOLDING S.A.;019348;DF Consolidado - Demonstração das Mutações do Patrimônio Líquido;REAL;MIL;PENÚLTIMO;2024-01-01;2024-12-31;Patrimônio Líquido Consolidado;5.04.07;Juros sobre Capital Próprio;-12615000.0000000000;S
60.872.504/0001-23;2025-12-31;2;ITAU UNIBANCO HOLDING S.A.;019348;DF Consolidado - Demonstração das Mutações do Patrimônio Líquido;REAL;MIL;ÚLTIMO;2025-01-01;2025-12-31;Patrimônio Líquido Consolidado;5.04.07;Juros sobre Capital Próprio;-13704000.0000000000;S
60.872.504/0001-23;2025-12-31;2;ITAU UNIBANCO HOLDING S.A.;019348;DF Consolidado - Demonstração das Mutações do Patrimônio Líquido;REAL;MIL;PENÚLTIMO;2024-01-01;2024-12-31;Capital Social Integralizado;5.04.11;Dividendos / Juros sobre o Capital Próprio - Declarados após período anterior;0.0000000000;N
60.872.504/0001-23;2025-12-31;2;ITAU UNIBANCO HOLDING S.A.;019348;DF Consolidado - Demonstração das Mutações do Patrimônio Líquido;REAL;MIL;ÚLTIMO;2025-01-01;2025-12-31;Capital Social Integralizado;5.04.11;Dividendos / Juros sobre o Capital Próprio - Declarados após período anterior;0.0000000000;N
60.872.504/0001-23;2025-12-31;2;ITAU UNIBANCO HOLDING S.A.;019348;DF Consolidado - Demonstração das Mutações do Patrimônio Líquido;REAL;MIL;PENÚLTIMO;2024-01-01;2024-12-31;Reservas de Capital, Opções Outorgadas e Ações em Tesouraria;5.04.11;Dividendos / Juros sobre o Capital Próprio - Declarados após período anterior;0.0000000000;N
60.872.504/0001-23;2025-12-31;2;ITAU UNIBANCO HOLDING S.A.;019348;DF Consolidado - Demonstração das Mutações do Patrimônio Líquido;REAL;MIL;ÚLTIMO;2025-01-01;2025-12-31;Reservas de Capital, Opções Outorgadas e Ações em Tesouraria;5.04.11;Dividendos / Juros sobre o Capital Próprio - Declarados após período anterior;0.0000000000;N
60.872.504/0001-23;2025-12-31;2;ITAU UNIBANCO HOLDING S.A.;019348;DF Consolidado - Demonstração das Mutações do Patrimônio Líquido;REAL;MIL;PENÚLTIMO;2024-01-01;2024-12-31;Reservas de Lucro;5.04.11;Dividendos / Juros sobre o Capital Próprio - Declarados após período anterior;-11000000.0000000000;N
60.872.504/0001-23;2025-12-31;2;ITAU UNIBANCO HOLDING S.A.;019348;DF Consolidado - Demonstração das Mutações do Patrimônio Líquido;REAL;MIL;ÚLTIMO;2025-01-01;2025-12-31;Reservas de Lucro;5.04.11;Dividendos / Juros sobre o Capital Próprio - Declarados após período anterior;-15489000.0000000000;N
60.872.504/0001-23;2025-12-31;2;ITAU UNIBANCO HOLDING S.A.;019348;DF Consolidado - Demonstração das Mutações do Patrimônio Líquido;REAL;MIL;PENÚLTIMO;2024-01-01;2024-12-31;Lucros ou Prejuízos Acumulados;5.04.11;Dividendos / Juros sobre o Capital Próprio - Declarados após período anterior;0.0000000000;N
60.872.504/0001-23;2025-12-31;2;ITAU UNIBANCO HOLDING S.A.;019348;DF Consolidado - Demonstração das Mutações do Patrimônio Líquido;REAL;MIL;ÚLTIMO;2025-01-01;2025-12-31;Lucros ou Prejuízos Acumulados;5.04.11;Dividendos / Juros sobre o Capital Próprio - Declarados após período anterior;0.0000000000;N
60.872.504/0001-23;2025-12-31;2;ITAU UNIBANCO HOLDING S.A.;019348;DF Consolidado - Demonstração das Mutações do Patrimônio Líquido;REAL;MIL;PENÚLTIMO;2024-01-01;2024-12-31;Outros Resultados Abrangentes;5.04.11;Dividendos / Juros sobre o Capital Próprio - Declarados após período anterior;0.0000000000;N
60.872.504/0001-23;2025-12-31;2;ITAU UNIBANCO HOLDING S.A.;019348;DF Consolidado - Demonstração das Mutações do Patrimônio Líquido;REAL;MIL;ÚLTIMO;2025-01-01;2025-12-31;Outros Resultados Abrangentes;5.04.11;Dividendos / Juros sobre o Capital Próprio - Declarados após período anterior;0.0000000000;N
60.872.504/0001-23;2025-12-31;2;ITAU UNIBANCO HOLDING S.A.;019348;DF Consolidado - Demonstração das Mutações do Patrimônio Líquido;REAL;MIL;PENÚLTIMO;2024-01-01;2024-12-31;Patrimônio Líquido;5.04.11;Dividendos / Juros sobre o Capital Próprio - Declarados após período anterior;-11000000.0000000000;N
60.872.504/0001-23;2025-12-31;2;ITAU UNIBANCO HOLDING S.A.;019348;DF Consolidado - Demonstração das Mutações do Patrimônio Líquido;REAL;MIL;ÚLTIMO;2025-01-01;2025-12-31;Patrimônio Líquido;5.04.11;Dividendos / Juros sobre o Capital Próprio - Declarados após período anterior;-15489000.0000000000;N
60.872.504/0001-23;2025-12-31;2;ITAU UNIBANCO HOLDING S.A.;019348;DF Consolidado - Demonstração das Mutações do Patrimônio Líquido;REAL;MIL;PENÚLTIMO;2024-01-01;2024-12-31;Participação dos Não Controladores;5.04.11;Dividendos / Juros sobre o Capital Próprio - Declarados após período anterior;0.0000000000;N
60.872.504/0001-23;2025-12-31;2;ITAU UNIBANCO HOLDING S.A.;019348;DF Consolidado - Demonstração das Mutações do Patrimônio Líquido;REAL;MIL;ÚLTIMO;2025-01-01;2025-12-31;Participação dos Não Controladores;5.04.11;Dividendos / Juros sobre o Capital Próprio - Declarados após período anterior;0.0000000000;N
60.872.504/0001-23;2025-12-31;2;ITAU UNIBANCO HOLDING S.A.;019348;DF Consolidado - Demonstração das Mutações do Patrimônio Líquido;REAL;MIL;PENÚLTIMO;2024-01-01;2024-12-31;Patrimônio Líquido Consolidado;5.04.11;Dividendos / Juros sobre o Capital Próprio - Declarados após período anterior;-11000000.0000000000;N
60.872.504/0001-23;2025-12-31;2;ITAU UNIBANCO HOLDING S.A.;019348;DF Consolidado - Demonstração das Mutações do Patrimônio Líquido;REAL;MIL;ÚLTIMO;2025-01-01;2025-12-31;Patrimônio Líquido Consolidado;5.04.11;Dividendos / Juros sobre o Capital Próprio - Declarados após período anterior;-15489000.0000000000;N
92.791.243/0001-03;2025-12-31;1;IRANI PAPEL E EMBALAGEM S.A.;002429;DF Consolidado - Demonstração das Mutações do Patrimônio Líquido;REAL;MIL;PENÚLTIMO;2024-01-01;2024-12-31;Capital Social Integralizado;5.04.06;Dividendos;0.0000000000;S
92.791.243/0001-03;2025-12-31;1;IRANI PAPEL E EMBALAGEM S.A.;002429;DF Consolidado - Demonstração das Mutações do Patrimônio Líquido;REAL;MIL;ÚLTIMO;2025-01-01;2025-12-31;Capital Social Integralizado;5.04.06;Dividendos;0.0000000000;S
92.791.243/0001-03;2025-12-31;1;IRANI PAPEL E EMBALAGEM S.A.;002429;DF Consolidado - Demonstração das Mutações do Patrimônio Líquido;REAL;MIL;PENÚLTIMO;2024-01-01;2024-12-31;Reservas de Capital, Opções Outorgadas e Ações em Tesouraria;5.04.06;Dividendos;0.0000000000;S
92.791.243/0001-03;2025-12-31;1;IRANI PAPEL E EMBALAGEM S.A.;002429;DF Consolidado - Demonstração das Mutações do Patrimônio Líquido;REAL;MIL;ÚLTIMO;2025-01-01;2025-12-31;Reservas de Capital, Opções Outorgadas e Ações em Tesouraria;5.04.06;Dividendos;0.0000000000;S
92.791.243/0001-03;2025-12-31;1;IRANI PAPEL E EMBALAGEM S.A.;002429;DF Consolidado - Demonstração das Mutações do Patrimônio Líquido;REAL;MIL;PENÚLTIMO;2024-01-01;2024-12-31;Reservas de Lucro;5.04.06;Dividendos;0.0000000000;S
92.791.243/0001-03;2025-12-31;1;IRANI PAPEL E EMBALAGEM S.A.;002429;DF Consolidado - Demonstração das Mutações do Patrimônio Líquido;REAL;MIL;ÚLTIMO;2025-01-01;2025-12-31;Reservas de Lucro;5.04.06;Dividendos;0.0000000000;S
92.791.243/0001-03;2025-12-31;1;IRANI PAPEL E EMBALAGEM S.A.;002429;DF Consolidado - Demonstração das Mutações do Patrimônio Líquido;REAL;MIL;PENÚLTIMO;2024-01-01;2024-12-31;Lucros ou Prejuízos Acumulados;5.04.06;Dividendos;-74878.0000000000;S
92.791.243/0001-03;2025-12-31;1;IRANI PAPEL E EMBALAGEM S.A.;002429;DF Consolidado - Demonstração das Mutações do Patrimônio Líquido;REAL;MIL;ÚLTIMO;2025-01-01;2025-12-31;Lucros ou Prejuízos Acumulados;5.04.06;Dividendos;-59724.0000000000;S
92.791.243/0001-03;2025-12-31;1;IRANI PAPEL E EMBALAGEM S.A.;002429;DF Consolidado - Demonstração das Mutações do Patrimônio Líquido;REAL;MIL;PENÚLTIMO;2024-01-01;2024-12-31;Outros Resultados Abrangentes;5.04.06;Dividendos;0.0000000000;S
92.791.243/0001-03;2025-12-31;1;IRANI PAPEL E EMBALAGEM S.A.;002429;DF Consolidado - Demonstração das Mutações do Patrimônio Líquido;REAL;MIL;ÚLTIMO;2025-01-01;2025-12-31;Outros Resultados Abrangentes;5.04.06;Dividendos;0.0000000000;S
92.791.243/0001-03;2025-12-31;1;IRANI PAPEL E EMBALAGEM S.A.;002429;DF Consolidado - Demonstração das Mutações do Patrimônio Líquido;REAL;MIL;PENÚLTIMO;2024-01-01;2024-12-31;Patrimônio Líquido;5.04.06;Dividendos;-74878.0000000000;S
92.791.243/0001-03;2025-12-31;1;IRANI PAPEL E EMBALAGEM S.A.;002429;DF Consolidado - Demonstração das Mutações do Patrimônio Líquido;REAL;MIL;ÚLTIMO;2025-01-01;2025-12-31;Patrimônio Líquido;5.04.06;Dividendos;-59724.0000000000;S
92.791.243/0001-03;2025-12-31;1;IRANI PAPEL E EMBALAGEM S.A.;002429;DF Consolidado - Demonstração das Mutações do Patrimônio Líquido;REAL;MIL;PENÚLTIMO;2024-01-01;2024-12-31;Participação dos Não Controladores;5.04.06;Dividendos;0.0000000000;S
92.791.243/0001-03;2025-12-31;1;IRANI PAPEL E EMBALAGEM S.A.;002429;DF Consolidado - Demonstração das Mutações do Patrimônio Líquido;REAL;MIL;ÚLTIMO;2025-01-01;2025-12-31;Participação dos Não Controladores;5.04.06;Dividendos;0.0000000000;S
92.791.243/0001-03;2025-12-31;1;IRANI PAPEL E EMBALAGEM S.A.;002429;DF Consolidado - Demonstração das Mutações do Patrimônio Líquido;REAL;MIL;PENÚLTIMO;2024-01-01;2024-12-31;Patrimônio Líquido Consolidado;5.04.06;Dividendos;-74878.0000000000;S
92.791.243/0001-03;2025-12-31;1;IRANI PAPEL E EMBALAGEM S.A.;002429;DF Consolidado - Demonstração das Mutações do Patrimônio Líquido;REAL;MIL;ÚLTIMO;2025-01-01;2025-12-31;Patrimônio Líquido Consolidado;5.04.06;Dividendos;-59724.0000000000;S
92.791.243/0001-03;2025-12-31;1;IRANI PAPEL E EMBALAGEM S.A.;002429;DF Consolidado - Demonstração das Mutações do Patrimônio Líquido;REAL;MIL;PENÚLTIMO;2024-01-01;2024-12-31;Capital Social Integralizado;5.04.07;Juros sobre Capital Próprio;0.0000000000;S
92.791.243/0001-03;2025-12-31;1;IRANI PAPEL E EMBALAGEM S.A.;002429;DF Consolidado - Demonstração das Mutações do Patrimônio Líquido;REAL;MIL;ÚLTIMO;2025-01-01;2025-12-31;Capital Social Integralizado;5.04.07;Juros sobre Capital Próprio;0.0000000000;S
92.791.243/0001-03;2025-12-31;1;IRANI PAPEL E EMBALAGEM S.A.;002429;DF Consolidado - Demonstração das Mutações do Patrimônio Líquido;REAL;MIL;PENÚLTIMO;2024-01-01;2024-12-31;Reservas de Capital, Opções Outorgadas e Ações em Tesouraria;5.04.07;Juros sobre Capital Próprio;0.0000000000;S
92.791.243/0001-03;2025-12-31;1;IRANI PAPEL E EMBALAGEM S.A.;002429;DF Consolidado - Demonstração das Mutações do Patrimônio Líquido;REAL;MIL;ÚLTIMO;2025-01-01;2025-12-31;Reservas de Capital, Opções Outorgadas e Ações em Tesouraria;5.04.07;Juros sobre Capital Próprio;0.0000000000;S
92.791.243/0001-03;2025-12-31;1;IRANI PAPEL E EMBALAGEM S.A.;002429;DF Consolidado - Demonstração das Mutações do Patrimônio Líquido;REAL;MIL;PENÚLTIMO;2024-01-01;2024-12-31;Reservas de Lucro;5.04.07;Juros sobre Capital Próprio;0.0000000000;S
92.791.243/0001-03;2025-12-31;1;IRANI PAPEL E EMBALAGEM S.A.;002429;DF Consolidado - Demonstração das Mutações do Patrimônio Líquido;REAL;MIL;ÚLTIMO;2025-01-01;2025-12-31;Reservas de Lucro;5.04.07;Juros sobre Capital Próprio;0.0000000000;S
92.791.243/0001-03;2025-12-31;1;IRANI PAPEL E EMBALAGEM S.A.;002429;DF Consolidado - Demonstração das Mutações do Patrimônio Líquido;REAL;MIL;PENÚLTIMO;2024-01-01;2024-12-31;Lucros ou Prejuízos Acumulados;5.04.07;Juros sobre Capital Próprio;0.0000000000;S
92.791.243/0001-03;2025-12-31;1;IRANI PAPEL E EMBALAGEM S.A.;002429;DF Consolidado - Demonstração das Mutações do Patrimônio Líquido;REAL;MIL;ÚLTIMO;2025-01-01;2025-12-31;Lucros ou Prejuízos Acumulados;5.04.07;Juros sobre Capital Próprio;0.0000000000;S
92.791.243/0001-03;2025-12-31;1;IRANI PAPEL E EMBALAGEM S.A.;002429;DF Consolidado - Demonstração das Mutações do Patrimônio Líquido;REAL;MIL;PENÚLTIMO;2024-01-01;2024-12-31;Outros Resultados Abrangentes;5.04.07;Juros sobre Capital Próprio;0.0000000000;S
92.791.243/0001-03;2025-12-31;1;IRANI PAPEL E EMBALAGEM S.A.;002429;DF Consolidado - Demonstração das Mutações do Patrimônio Líquido;REAL;MIL;ÚLTIMO;2025-01-01;2025-12-31;Outros Resultados Abrangentes;5.04.07;Juros sobre Capital Próprio;0.0000000000;S
92.791.243/0001-03;2025-12-31;1;IRANI PAPEL E EMBALAGEM S.A.;002429;DF Consolidado - Demonstração das Mutações do Patrimônio Líquido;REAL;MIL;PENÚLTIMO;2024-01-01;2024-12-31;Patrimônio Líquido;5.04.07;Juros sobre Capital Próprio;0.0000000000;S
92.791.243/0001-03;2025-12-31;1;IRANI PAPEL E EMBALAGEM S.A.;002429;DF Consolidado - Demonstração das Mutações do Patrimônio Líquido;REAL;MIL;ÚLTIMO;2025-01-01;2025-12-31;Patrimônio Líquido;5.04.07;Juros sobre Capital Próprio;0.0000000000;S
92.791.243/0001-03;2025-12-31;1;IRANI PAPEL E EMBALAGEM S.A.;002429;DF Consolidado - Demonstração das Mutações do Patrimônio Líquido;REAL;MIL;PENÚLTIMO;2024-01-01;2024-12-31;Participação dos Não Controladores;5.04.07;Juros sobre Capital Próprio;0.0000000000;S
92.791.243/0001-03;2025-12-31;1;IRANI PAPEL E EMBALAGEM S.A.;002429;DF Consolidado - Demonstração das Mutações do Patrimônio Líquido;REAL;MIL;ÚLTIMO;2025-01-01;2025-12-31;Participação dos Não Controladores;5.04.07;Juros sobre Capital Próprio;0.0000000000;S
92.791.243/0001-03;2025-12-31;1;IRANI PAPEL E EMBALAGEM S.A.;002429;DF Consolidado - Demonstração das Mutações do Patrimônio Líquido;REAL;MIL;PENÚLTIMO;2024-01-01;2024-12-31;Patrimônio Líquido Consolidado;5.04.07;Juros sobre Capital Próprio;0.0000000000;S
92.791.243/0001-03;2025-12-31;1;IRANI PAPEL E EMBALAGEM S.A.;002429;DF Consolidado - Demonstração das Mutações do Patrimônio Líquido;REAL;MIL;ÚLTIMO;2025-01-01;2025-12-31;Patrimônio Líquido Consolidado;5.04.07;Juros sobre Capital Próprio;0.0000000000;S
