CNPJ_CIA;DT_REFER;VERSAO;DENOM_CIA;CD_CVM;GRUPO_DFP;MOEDA;ESCALA_MOEDA;ORDEM_EXERC;DT_INI_EXERC;DT_FIM_EXERC;CD_CONTA;DS_CONTA;VL_CONTA;ST_CONTA_FIXA
00.000.000/0001-91;2025-12-31;1;BCO BRASIL S.A.;001023;DF Consolidado - Demonstração do Resultado;REAL;MIL;PENÚLTIMO;2024-01-01;2024-12-31;3.11;Lucro ou Prejuízo Líquido Consolidado do Período;29171564.0000000000;S
00.000.000/0001-91;2025-12-31;1;BCO BRASIL S.A.;001023;DF Consolidado - Demonstração do Resultado;REAL;MIL;ÚLTIMO;2025-01-01;2025-12-31;3.11;Lucro ou Prejuízo Líquido Consolidado do Período;16781938.0000000000;S
02.171.304/0001-47;2025-12-31;1;FGR INCORPORAÇÕES S.A.;028010;DF Consolidado - Demonstração do Resultado;REAL;MIL;PENÚLTIMO;2024-01-01;2024-12-31;3.01;Receita de Venda de Bens e/ou Serviços;1396884.0000000000;S
02.171.304/0001-47;2025-12-31;1;FGR INCORPORAÇÕES S.A.;028010;DF Consolidado - Demonstração do Resultado;REAL;MIL;PENÚLTIMO;2024-01-01;2024-12-31;3.01;Receita de Venda de Bens e/ou Serviços;1396884.0000000000;S
02.171.304/0001-47;2025-12-31;1;FGR INCORPORAÇÕES S.A.;028010;DF Consolidado - Demonstração do Resultado;REAL;MIL;ÚLTIMO;2025-01-01;2025-12-31;3.01;Receita de Venda de Bens e/ou Serviços;1563023.0000000000;S
02.171.304/0001-47;2025-12-31;1;FGR INCORPORAÇÕES S.A.;028010;DF Consolidado - Demonstração do Resultado;REAL;MIL;ÚLTIMO;2025-01-01;2025-12-31;3.01;Receita de Venda de Bens e/ou Serviços;1563023.0000000000;S
02.171.304/0001-47;2025-12-31;1;FGR INCORPORAÇÕES S.A.;028010;DF Consolidado - Demonstração do Resultado;REAL;MIL;PENÚLTIMO;2024-01-01;2024-12-31;3.02;Custo dos Bens e/ou Serviços Vendidos;-716148.0000000000;S
02.171.304/0001-47;2025-12-31;1;FGR INCORPORAÇÕES S.A.;028010;DF Consolidado - Demonstração do Resultado;REAL;MIL;PENÚLTIMO;2024-01-01;2024-12-31;3.02;Custo dos Bens e/ou Serviços Vendidos;-716148.0000000000;S
02.171.304/0001-47;2025-12-31;1;FGR INCORPORAÇÕES S.A.;028010;DF Consolidado - Demonstração do Resultado;REAL;MIL;ÚLTIMO;2025-01-01;2025-12-31;3.02;Custo dos Bens e/ou Serviços Vendidos;-707510.0000000000;S
02.171.304/0001-47;2025-12-31;1;FGR INCORPORAÇÕES S.A.;028010;DF Consolidado - Demonstração do Resultado;REAL;MIL;ÚLTIMO;2025-01-01;2025-12-31;3.02;Custo dos Bens e/ou Serviços Vendidos;-707510.0000000000;S
02.171.304/0001-47;2025-12-31;1;FGR INCORPORAÇÕES S.A.;028010;DF Consolidado - Demonstração do Resultado;REAL;MIL;PENÚLTIMO;2024-01-01;2024-12-31;3.11;Lucro/Prejuízo Consolidado do Período;422432.0000000000;S
02.171.304/0001-47;2025-12-31;1;FGR INCORPORAÇÕES S.A.;028010;DF Consolidado - Demonstração do Resultado;REAL;MIL;PENÚLTIMO;2024-01-01;2024-12-31;3.11;Lucro/Prejuízo Consolidado do Período;422432.0000000000;S
02.171.304/0001-47;2025-12-31;1;FGR INCORPORAÇÕES S.A.;028010;DF Consolidado - Demonstração do Resultado;REAL;MIL;ÚLTIMO;2025-01-01;2025-12-31;3.11;Lucro/Prejuízo Consolidado do Período;535836.0000000000;S
02.171.304/0001-47;2025-12-31;1;FGR INCORPORAÇÕES S.A.;028010;DF Consolidado - Demonstração do Resultado;REAL;MIL;ÚLTIMO;2025-01-01;2025-12-31;3.11;Lucro/Prejuízo Consolidado do Período;535836.0000000000;S
33.000.167/0001-01;2025-12-31;1;PETROLEO BRASILEIRO S.A. PETROBRAS;009512;DF Consolidado - Demonstração do Resultado;REAL;MIL;PENÚLTIMO;2024-01-01;2024-12-31;3.01;Receita de Venda de Bens e/ou Serviços;490829000.0000000000;S
33.000.167/0001-01;2025-12-31;1;PETROLEO BRASILEIRO S.A. PETROBRAS;009512;DF Consolidado - Demonstração do Resultado;REAL;MIL;ÚLTIMO;2025-01-01;2025-12-31;3.01;Receita de Venda de Bens e/ou Serviços;497549000.0000000000;S
33.000.167/0001-01;2025-12-31;1;PETROLEO BRASILEIRO S.A. PETROBRAS;009512;DF Consolidado - Demonstração do Resultado;REAL;MIL;PENÚLTIMO;2024-01-01;2024-12-31;3.02;Custo dos Bens e/ou Serviços Vendidos;-244367000.0000000000;S
33.000.167/0001-01;2025-12-31;1;PETROLEO BRASILEIRO S.A. PETROBRAS;009512;DF Consolidado - Demonstração do Resultado;REAL;MIL;ÚLTIMO;2025-01-01;2025-12-31;3.02;Custo dos Bens e/ou Serviços Vendidos;-260551000.0000000000;S
33.000.167/0001-01;2025-12-31;1;PETROLEO BRASILEIRO S.A. PETROBRAS;009512;DF Consolidado - Demonstração do Resultado;REAL;MIL;PENÚLTIMO;2024-01-01;2024-12-31;3.11;Lucro/Prejuízo Consolidado do Período;37009000.0000000000;S
33.000.167/0001-01;2025-12-31;1;PETROLEO BRASILEIRO S.A. PETROBRAS;009512;DF Consolidado - Demonstração do Resultado;REAL;MIL;ÚLTIMO;2025-01-01;2025-12-31;3.11;Lucro/Prejuízo Consolidado do Período;110605000.0000000000;S
33.592.510/0001-54;2025-12-31;2;VALE S.A.;004170;DF Consolidado - Demonstração do Resultado;REAL;MIL;PENÚLTIMO;2024-01-01;2024-12-31;3.01;Receita de Venda de Bens e/ou Serviços;206005000.0000000000;S
33.592.510/0001-54;2025-12-31;2;VALE S.A.;004170;DF Consolidado - Demonstração do Resultado;REAL;MIL;ÚLTIMO;2025-01-01;2025-12-31;3.01;Receita de Venda de Bens e/ou Serviços;213595000.0000000000;S
33.592.510/0001-54;2025-12-31;2;VALE S.A.;004170;DF Consolidado - Demonstração do Resultado;REAL;MIL;PENÚLTIMO;2024-01-01;2024-12-31;3.02;Custo dos Bens e/ou Serviços Vendidos;-131318000.0000000000;S
33.592.510/0001-54;2025-12-31;2;VALE S.A.;004170;DF Consolidado - Demonstração do Resultado;REAL;MIL;ÚLTIMO;2025-01-01;2025-12-31;3.02;Custo dos Bens e/ou Serviços Vendidos;-138887000.0000000000;S
33.592.510/0001-54;2025-12-31;2;VALE S.A.;004170;DF Consolidado - Demonstração do Resultado;REAL;MIL;PENÚLTIMO;2024-01-01;2024-12-31;3.11;Lucro/Prejuízo Consolidado do Período;30431000.0000000000;S
33.592.510/0001-54;2025-12-31;2;VALE S.A.;004170;DF Consolidado - Demonstração do Resultado;REAL;MIL;ÚLTIMO;2025-01-01;2025-12-31;3.11;Lucro/Prejuízo Consolidado do Período;11811000.0000000000;S
42.276.907/0001-28;2025-12-31;1;VLI MULTIMODAL S.A;028045;DF Consolidado - Demonstração do Resultado;REAL;MIL;PENÚLTIMO;2024-01-01;2024-12-31;3.01;Receita de Venda de Bens e/ou Serviços;9828861.0000000000;S
42.276.907/0001-28;2025-12-31;1;VLI MULTIMODAL S.A;028045;DF Consolidado - Demonstração do Resultado;REAL;MIL;PENÚLTIMO;2024-01-01;2024-12-31;3.01;Receita de Venda de Bens e/ou Serviços;9828861.0000000000;S
42.276.907/0001-28;2025-12-31;1;VLI MULTIMODAL S.A;028045;DF Consolidado - Demonstração do Resultado;REAL;MIL;PENÚLTIMO;2024-01-01;2024-12-31;3.01;Receita de Venda de Bens e/ou Serviços;9828861.0000000000;S
42.276.907/0001-28;2025-12-31;1;VLI MULTIMODAL S.A;028045;DF Consolidado - Demonstração do Resultado;REAL;MIL;ÚLTIMO;2025-01-01;2025-12-31;3.01;Receita de Venda de Bens e/ou Serviços;9953533.0000000000;S
42.276.907/0001-28;2025-12-31;1;VLI MULTIMODAL S.A;028045;DF Consolidado - Demonstração do Resultado;REAL;MIL;ÚLTIMO;2025-01-01;2025-12-31;3.01;Receita de Venda de Bens e/ou Serviços;9953533.0000000000;S
42.276.907/0001-28;2025-12-31;1;VLI MULTIMODAL S.A;028045;DF Consolidado - Demonstração do Resultado;REAL;MIL;ÚLTIMO;2025-01-01;2025-12-31;3.01;Receita de Venda de Bens e/ou Serviços;9953533.0000000000;S
42.276.907/0001-28;2025-12-31;1;VLI MULTIMODAL S.A;028045;DF Consolidado - Demonstração do Resultado;REAL;MIL;PENÚLTIMO;2024-01-01;2024-12-31;3.02;Custo dos Bens e/ou Serviços Vendidos;-6332343.0000000000;S
42.276.907/0001-28;2025-12-31;1;VLI MULTIMODAL S.A;028045;DF Consolidado - Demonstração do Resultado;REAL;MIL;PENÚLTIMO;2024-01-01;2024-12-31;3.02;Custo dos Bens e/ou Serviços Vendidos;-6332343.0000000000;S
42.276.907/0001-28;2025-12-31;1;VLI MULTIMODAL S.A;028045;DF Consolidado - Demonstração do Resultado;REAL;MIL;PENÚLTIMO;2024-01-01;2024-12-31;3.02;Custo dos Bens e/ou Serviços Vendidos;-6332343.0000000000;S
42.276.907/0001-28;2025-12-31;1;VLI MULTIMODAL S.A;028045;DF Consolidado - Demonstração do Resultado;REAL;MIL;ÚLTIMO;2025-01-01;2025-12-31;3.02;Custo dos Bens e/ou Serviços Vendidos;-6625120.0000000000;S
42.276.907/0001-28;2025-12-31;1;VLI MULTIMODAL S.A;028045;DF Consolidado - Demonstração do Resultado;REAL;MIL;ÚLTIMO;2025-01-01;2025-12-31;3.02;Custo dos Bens e/ou Serviços Vendidos;-6625120.0000000000;S
42.276.907/0001-28;2025-12-31;1;VLI MULTIMODAL S.A;028045;DF Consolidado - Demonstração do Resultado;REAL;MIL;ÚLTIMO;2025-01-01;2025-12-31;3.02;Custo dos Bens e/ou Serviços Vendidos;-6625120.0000000000;S
42.276.907/0001-28;2025-12-31;1;VLI MULTIMODAL S.A;028045;DF Consolidado - Demonstração do Resultado;REAL;MIL;PENÚLTIMO;2024-01-01;2024-12-31;3.11;Lucro/Prejuízo Consolidado do Período;2672990.0000000000;S
42.276.907/0001-28;2025-12-31;1;VLI MULTIMODAL S.A;028045;DF Consolidado - Demonstração do Resultado;REAL;MIL;PENÚLTIMO;2024-01-01;2024-12-31;3.11;Lucro/Prejuízo Consolidado do Período;2672990.0000000000;S
42.276.907/0001-28;2025-12-31;1;VLI MULTIMODAL S.A;028045;DF Consolidado - Demonstração do Resultado;REAL;MIL;PENÚLTIMO;2024-01-01;2024-12-31;3.11;Lucro/Prejuízo Consolidado do Período;2672990.0000000000;S
42.276.907/0001-28;2025-12-31;1;VLI MULTIMODAL S.A;028045;DF Consolidado - Demonstração do Resultado;REAL;MIL;ÚLTIMO;2025-01-01;2025-12-31;3.11;Lucro/Prejuízo Consolidado do Período;2774028.0000000000;S
42.276.907/0001-28;2025-12-31;1;VLI MULTIMODAL S.A;028045;DF Consolidado - Demonstração do Resultado;REAL;MIL;ÚLTIMO;2025-01-01;2025-12-31;3.11;Lucro/Prejuízo Consolidado do Período;2774028.0000000000;S
42.276.907/0001-28;2025-12-31;1;VLI MULTIMODAL S.A;028045;DF Consolidado - Demonstração do Resultado;REAL;MIL;ÚLTIMO;2025-01-01;2025-12-31;3.11;Lucro/Prejuízo Consolidado do Período;2774028.0000000000;S
60.872.504/0001-23;2025-12-31;2;ITAU UNIBANCO HOLDING S.A.;019348;DF Consolidado - Demonstração do Resultado;REAL;MIL;PENÚLTIMO;2024-01-01;2024-12-31;3.09;Lucro/Prejuízo Consolidado do Período;42128000.0000000000;S
60.872.504/0001-23;2025-12-31;2;ITAU UNIBANCO HOLDING S.A.;019348;DF Consolidado - Demonstração do Resultado;REAL;MIL;ÚLTIMO;2025-01-01;2025-12-31;3.09;Lucro/Prejuízo Consolidado do Período;45849000.0000000000;S
92.791.243/0001-03;2025-12-31;1;IRANI PAPEL E EMBALAGEM S.A.;002429;DF Consolidado - Demonstração do Resultado;REAL;MIL;PENÚLTIMO;2024-01-01;2024-12-31;3.01;Receita de Venda de Bens e/ou Serviços;1555346.0000000000;S
92.791.243/0001-03;2025-12-31;1;IRANI PAPEL E EMBALAGEM S.A.;002429;DF Consolidado - Demonstração do Resultado;REAL;MIL;ÚLTIMO;2025-01-01;2025-12-31;3.01;Receita de Venda de Bens e/ou Serviços;1686311.0000000000;S
92.791.243/0001-03;2025-12-31;1;IRANI PAPEL E EMBALAGEM S.A.;002429;DF Consolidado - Demonstração do Resultado;REAL;MIL;PENÚLTIMO;2024-01-01;2024-12-31;3.02;Custo dos Bens e/ou Serviços Vendidos;-929392.0000000000;S
92.791.243/0001-03;2025-12-31;1;IRANI PAPEL E EMBALAGEM S.A.;002429;DF Consolidado - Demonstração do Resultado;REAL;MIL;ÚLTIMO;2025-01-01;2025-12-31;3.02;Custo dos Bens e/ou Serviços Vendidos;-986069.0000000000;S
92.791.243/0001-03;2025-12-31;1;IRANI PAPEL E EMBALAGEM S.A.;002429;DF Consolidado - Demonstração do Resultado;REAL;MIL;PENÚLTIMO;2024-01-01;2024-12-31;3.11;Lucro/Prejuízo Consolidado do Período;304519.0000000000;S
92.791.243/0001-03;2025-12-31;1;IRANI PAPEL E EMBALAGEM S.A.;002429;DF Consolidado - Demonstração do Resultado;REAL;MIL;ÚLTIMO;2025-01-01;2025-12-31;3.11;Lucro/Prejuízo Consolidado do Período;242050.0000000000;S
